KODE NAMA PT,Terakhir,%Perubahan,Perrubahan,Penialain,Volume,Cap Pasar,P/E,EPS(TTM),Pegawai,Jenis Industri
" DMMX DIGITAL MEDIATAMA MAXIMA TBK. ",66.00,0.00%,0.00,Penjualan,17.739M,—,—,—,—,Layanan Periklanan/Pemasaran
" DYAN DYANDRA MEDIA INTERNATIONAL TBK. ",50.00,-1.96%,-1.00,Penjualan,1.217M,210.529B,3.31,15.11,522.00,Layanan Komersil Lain-Lain
" FORU FORTUNE INDONESIA TBK ",103.00,-6.36%,-7.00,Pembelian,1.900K,51.175B,27.96,3.93,141.00,Layanan Periklanan/Pemasaran
" INCF INDO KOMODITI KORPORA TBK. ",50.00,0.00%,0.00,Penjualan,1.700K,71.918B,24.70,2.02,166.00,Layanan Komersil Lain-Lain
" JTPE JASUINDO TIGA PERKASA TBK. ",825.00,-0.60%,-5.00,Penjualan Kuat,187.900K,1421.800B,11.72,70.84,2141.00,Percetakan/Form Komersial
" LCKM LCK GLOBAL KEDATON TBK. ",322.00,1.26%,4.00,Penjualan,18.500K,320.000B,97.01,3.11,10.00,Layanan Komersil Lain-Lain
" LMAS LIMAS INDONESIA MAKMUR TBK ",51.00,0.00%,0.00,Penjualan,1.654M,39.393B,11.37,4.40,57.00,Layanan Komersil Lain-Lain
" MFMI MULTIFILING MITRA INDONESIA TBK. ",408.00,-6.85%,-30.00,Pembelian,20.700K,310.608B,2.44,176.15,192.00,Layanan Komersil Lain-Lain
" OASA PROTECH MITRA PERKASA TBK. ",300.00,-6.25%,-20.00,Penjualan Kuat,100,100.408B,—,-3.76,27.00,Layanan Komersil Lain-Lain
" PRDA PRODIA WIDYAHUSADA TBK. ",3100.00,0.98%,30.00,Penjualan,855.000K,2953.120B,13.38,224.28,2908.00,Layanan Komersil Lain-Lain
" SOSS SHIELD ON SERVICE TBK. ",390.00,-1.02%,-4.00,Penjualan,68.000K,262.390B,—,—,429.00,Layanan Personil
" TALF TUNAS ALFIN TBK. ",278.00,14.88%,36.00,Pembelian,100,376.256B,10.70,25.98,841.00,Layanan Komersil Lain-Lain
" CENT CENTRATAMA TELEKOMUNIKASI INDONESIA TBK. ",54.00,-5.26%,-3.00,Penjualan,3.405M,1590.360B,97.50,0.51,220.00,Telekomunikasi Utama
" EMTK ELANG MAHKOTA TEKNOLOGI TBK. ",5000.00,4.17%,200.00,Penjualan,200,28211.400B,—,-544.98,5403.00,Telekomunikasi Khusus
" FREN SMARTFREN TELECOM TBK. ",92.00,-3.16%,-3.00,Pembelian,341.294M,12859.900B,—,-10.16,2618.00,Telekomunikasi Nirkabel
" GHON GIHON TELEKOMUNIKASI INDONESIA TBK. ",1550.00,3.33%,50.00,Pembelian Kuat,100,819.500B,12.67,117.60,39.00,Telekomunikasi Khusus
" ISAT INDOSAT TBK. ",2060.00,-5.50%,-120.00,Pembelian,13.100M,8422.590B,6.01,288.74,3708.00,Telekomunikasi Nirkabel
" JAST JASNITA TELEKOMINDO TBK. ",408.00,-6.85%,-30.00,Penjualan,20.800K,439.359B,—,—,—,Telekomunikasi Khusus
" KBLV FIRST MEDIA TBK. ",350.00,-2.78%,-10.00,Pembelian,5.000K,609.760B,—,-640.64,719.00,Telekomunikasi Khusus
" LINK LINK NET TBK. ",2350.00,2.17%,50.00,Penjualan,617.700K,7002.760B,9.47,258.59,763.00,Telekomunikasi Khusus
" TBIG TOWER BERSAMA INFRASTRUCTURE TBK. ",925.00,-2.63%,-25.00,Penjualan,53.533M,19359.800B,23.03,38.21,680.00,Telekomunikasi Nirkabel
" TELE TIPHONE MOBILE INDONESIA TBK. ",151.00,7.09%,10.00,Pembelian,127.697M,862.690B,2.60,53.93,1241.00,Telekomunikasi Utama
" TLKM TELEKOMUNIKASI INDONESIA (PERSERO) TBK. ",3220.00,-3.30%,-110.00,Penjualan,166.426M,307093.000B,15.31,204.51,24071.00,Telekomunikasi Utama
" ASII ASTRA INTERNATIONAL TBK. ",4060.00,0.74%,30.00,Penjualan,79.018M,152623.000B,7.33,536.19,148069.00,Kendaraan Bermotor
" ASPI ANDALAN SAKTI PRIMAINDO TBK. ",378.00,0.53%,2.00,Pembelian,15.368M,—,—,—,—,Pembangunan Rumah
" CAKK CAHAYAPUTRA ASA KERAMIK TBK. ",50.00,0.00%,0.00,Penjualan,42.900K,—,—,—,—,Perlengkapan Rumah
" CINT CHITOSE INTERNASIONAL TBK. ",278.00,6.92%,18.00,Pembelian Kuat,13.900K,280.000B,39.25,7.08,448.00,Perlengkapan Rumah
" CITA CITA MINERAL INVESTINDO TBK. ",1600.00,0.00%,0.00,Penjualan,26.100K,6435.580B,6.48,250.67,154.00,Perlengkapan Rumah
" EMDE MEGAPOLITAN DEVELOPMENTS TBK. ",200.00,0.00%,0.00,Penjualan,10.000K,666.650B,—,-10.29,158.00,Pembangunan Rumah
" GDYR GOODYEAR INDONESIA TBK. ",1500.00,-5.66%,-90.00,Penjualan Kuat,2.500K,651.900B,—,-9.82,913.00,Aftermarket Otomotif
" GJTL GAJAH TUNGGAL TBK. ",356.00,-0.56%,-2.00,Penjualan,3.015M,1010.480B,3.56,84.31,14368.00,Aftermarket Otomotif
" HRTA HARTADINATA ABADI TBK. ",256.00,-1.54%,-4.00,Pembelian,3.800K,1169.740B,8.51,30.09,—,Spesialiasi Konsumen Lainnya
" IMAS INDOMOBIL SUKSES INTERNASIONAL TBK. ",585.00,7.34%,40.00,Pembelian,2.427M,1155.890B,4.40,97.62,7155.00,Kendaraan Bermotor
" KICI KEDAUNG INDAH CAN TBK ",220.00,-6.78%,-16.00,Penjualan,16.700K,70.104B,—,-11.49,—,Perlengkapan Rumah
" LMPI LANGGENG MAKMUR INDUSTRI TBK. ",86.00,2.38%,2.00,Penjualan,300,84.716B,—,-41.32,888.00,Perlengkapan Rumah
" POLI POLLUX INVESTASI INTERNASIONAL TBK. ",1010.00,-1.94%,-20.00,Penjualan,1.700K,2060.790B,—,—,537.00,Pembangunan Rumah
" UNTR UNITED TRACTORS TBK. ",17600.00,-2.22%,-400.00,Pembelian,3.973M,62013.600B,5.57,3032.62,33139.00,Kendaraan Bermotor
" ADES AKASHA WIRA INTERNATIONAL TBK. ",735.00,0.00%,0.00,Penjualan,52.200K,430.625B,7.11,109.06,672.00,Minuman: Non-Alkohol
" ALTO TRI BANYAN TIRTA TBK. ",400.00,8.11%,30.00,Pembelian,1.505M,815.376B,—,-2.93,239.00,Minuman: Non-Alkohol
" BATA SEPATU BATA TBK. ",610.00,0.00%,0.00,Penjualan,5.100K,767.000B,15.70,37.58,693.00,Pakaian/Alas Kaki
" BELL TRISULA TEXTILE INDUSTRIES TBK. ",600.00,0.00%,0.00,Penjualan,17.600K,949.750B,39.46,16.60,765.00,Pakaian/Alas Kaki
" BIMA PRIMARINDO ASIA INFRASTRUCTURE TBK. ",50.00,0.00%,0.00,Penjualan,500,30.409B,4.55,10.99,1715.00,Pakaian/Alas Kaki
" BUDI BUDI STARCH & SWEETENER TBK. ",88.00,-3.30%,-3.00,Pembelian,218.500K,368.918B,6.55,12.52,1751.00,Makanan: Khusus/Permen
" CAMP CAMPINA ICE CREAM INDUSTRY TBK. ",202.00,9.19%,17.00,Pembelian,1.494M,1000.450B,14.08,11.72,768.00,Makanan: Daging/Ikan/Susu
" CEKA WILMAR CAHAYA INDONESIA TBK. ",1260.00,-6.67%,-90.00,Penjualan,132.500K,731.850B,3.94,306.89,390.00,Makanan: Khusus/Permen
" CLEO SARIGUNA PRIMATIRTA TBK. ",422.00,0.00%,0.00,Pembelian,7.468M,4488.000B,35.61,10.90,482.00,Minuman: Non-Alkohol
" COCO WAHANA INTERFOOD NUSANTARA TBK. ",850.00,0.00%,0.00,Penjualan,15.300K,476.207B,77.34,10.99,222.00,Makanan: Khusus/Permen
" DLTA DELTA DJAKARTA TBK. ",4850.00,3.19%,150.00,Penjualan,2.800K,3827.150B,12.57,397.05,352.00,Minuman: Beralkohol
" DMND DIAMOND FOOD INDONESIA TBK. ",965.00,0.00%,0.00,Pembelian,37.900K,—,—,—,—,Makanan: Daging/Ikan/Susu
" FISH FKS MULTI AGRO TBK. ",2000.00,-2.44%,-50.00,Penjualan Kuat,100,960.000B,5.80,344.90,397.00,Makanan: Daging/Ikan/Susu
" GGRM GUDANG GARAM TBK. ",48100.00,-3.46%,-1725.00,Pembelian,1.643M,77059.800B,7.78,5654.99,32491.00,Tembakau
" GOOD GARUDAFOOD PUTRA PUTRI JAYA TBK. ",1175.00,0.00%,0.00,Penjualan,75.100K,8781.700B,—,—,10076.00,Makanan: Khusus/Permen
" HMSP H.M. SAMPOERNA TBK. ",1705.00,-4.21%,-75.00,Penjualan,59.178M,164590.000B,13.01,117.97,23423.00,Tembakau
" ICBP INDOFOOD CBP SUKSES MAKMUR TBK. ",10075.00,-1.71%,-175.00,Penjualan,6.342M,118368.000B,23.61,432.07,30045.00,Makanan: Khusus/Permen
" IKAN ERA MANDIRI CEMERLANG TBK. ",236.00,8.26%,18.00,Pembelian Kuat,4.473M,—,—,—,—,Makanan: Daging/Ikan/Susu
" INDF INDOFOOD SUKSES MAKMUR TBK. ",6525.00,-2.97%,-200.00,Penjualan,14.200M,55755.700B,12.16,558.99,88704.00,Makanan: Khusus/Permen
" ITIC INDONESIAN TOBACCO TBK. ",4300.00,13.16%,500.00,Pembelian,2.261M,3273.710B,—,—,315.00,Tembakau
" JPFA JAPFA COMFEED INDONESIA TBK. ",980.00,-1.01%,-10.00,Penjualan,48.645M,10781.700B,6.41,150.63,—,Makanan: Daging/Ikan/Susu
" KEJU MULIA BOGA RAYA TBK. ",770.00,2.67%,20.00,Pembelian,5.600K,1155.000B,—,—,417.00,Makanan: Daging/Ikan/Susu
" KINO KINO INDONESIA TBK. ",2210.00,7.80%,160.00,Penjualan,4.978M,2821.430B,5.69,344.21,6459.00,Perawatan Rumah Tangga/Pribadi
" MBTO MARTINA BERTO TBK. ",72.00,0.00%,0.00,Penjualan,1.200K,71.690B,—,-62.57,576.00,Perawatan Rumah Tangga/Pribadi
" MICE MULTI INDOCITRA TBK. ",340.00,0.00%,0.00,Pembelian,2.000K,196.490B,6.07,56.04,402.00,Perawatan Rumah Tangga/Pribadi
" MLBI MULTI BINTANG INDONESIA TBK. ",11275.00,0.00%,0.00,Penjualan,69.000K,22860.900B,18.96,572.26,161.00,Minuman: Beralkohol
" MYOR MAYORA INDAH TBK. ",1875.00,-0.79%,-15.00,Pembelian,2.899M,40916.400B,23.63,76.58,—,Makanan: Khusus/Permen
" PCAR PRIMA CAKRAWALA ABADI TBK. ",222.00,-6.72%,-16.00,Penjualan,3.100K,284.667B,—,-9.17,116.00,Makanan: Daging/Ikan/Susu
" PSGO PALMA SERASIH TBK. ",109.00,0.00%,0.00,Penjualan,43.700K,2016.950B,—,—,1.28,Makanan: Khusus/Permen
" RICY RICKY PUTRA GLOBALINDO TBK ",117.00,-6.40%,-8.00,Penjualan Kuat,613.700K,85.348B,5.84,21.91,—,Pakaian/Alas Kaki
" RMBA BENTOEL INTERNASIONAL INVESTAMA TBK. ",250.00,-4.58%,-12.00,Penjualan Kuat,12.600K,9173.080B,—,-4.76,4749.00,Tembakau
" ROTI NIPPON INDOSARI CORPINDO TBK. ",1265.00,0.40%,5.00,Pembelian,49.100K,7328.190B,24.55,49.29,3591.00,Makanan: Khusus/Permen
" SIDO INDUSTRI JAMU DAN FARMASI SIDO MUNCUL TBK. ",1245.00,-4.60%,-60.00,Pembelian,9.893M,16447.200B,21.56,54.26,2755.00,Perawatan Rumah Tangga/Pribadi
" SKBM SEKAR BUMI TBK. ",322.00,-6.94%,-24.00,Penjualan,2.500K,683.496B,276.50,1.43,1027.00,Makanan: Daging/Ikan/Susu
" SRSN INDO ACIDATAMA TBK ",64.00,1.59%,1.00,Pembelian,1.671M,361.200B,8.57,7.11,304.00,Pakaian/Alas Kaki
" STTP SIANTAR TOP TBK. ",9525.00,-2.81%,-275.00,Pembelian,300,9333.750B,24.75,330.34,2110.00,Makanan: Diversifikasi Utama
" TCID MANDOM INDONESIA TBK. ",9300.00,0.27%,25.00,Penjualan,200,1864.900B,12.85,721.90,4951.00,Perawatan Rumah Tangga/Pribadi
" TRIS TRISULA INTERNATIONAL TBK. ",254.00,-0.78%,-2.00,Penjualan,143.900K,929.671B,55.31,5.35,3149.00,Pakaian/Alas Kaki
" ULTJ ULTRA JAYA MILK INDUSTRY & TRADING COMPANY, TBK. ",1410.00,1.44%,20.00,Penjualan,250.500K,17156.900B,15.61,89.35,1097.00,Makanan: Daging/Ikan/Susu
" UNVR UNILEVER INDONESIA TBK. ",7275.00,-0.34%,-25.00,Pembelian,11.885M,272773.000B,37.28,193.78,5433.00,Perawatan Rumah Tangga/Pribadi
" WAPO WAHANA PRONATURAL TBK. ",80.00,14.29%,10.00,Penjualan,17.300K,91.828B,—,-4.51,8.00,Makanan: Khusus/Permen
" WIIM WISMILAK INTI MAKMUR TBK. ",108.00,-3.57%,-4.00,Netral,5.605M,170.089B,5.67,16.77,4021.00,Tembakau
" YPAS YANAPRIMA HASTAPERSADA TBK ",240.00,-4.76%,-12.00,Penjualan,600,150.968B,45.95,5.22,146.00,Pakaian/Alas Kaki
" ABBA MAHAKA MEDIA TBK. ",55.00,-1.79%,-1.00,Pembelian,26.824M,137.756B,—,-6.43,721.00,Percetakan: Koran
" ARTA ARTHAVEST TBK ",400.00,-6.54%,-28.00,Pembelian,7.200K,178.670B,37.29,11.48,163.00,Hotel/Resor/Pelayaran
" BAYU BAYU BUANA TBK ",1195.00,20.10%,200.00,Pembelian,100,340.858B,7.76,128.23,556.00,Layanan Konsumen Lainnya
" BHIT MNC INVESTAMA TBK. ",54.00,5.88%,3.00,Pembelian,25.866M,3352.750B,2.65,18.85,13867.00,Penyiaran
" BMTR GLOBAL MEDIACOM TBK. ",232.00,8.41%,18.00,Penjualan,49.474M,2846.050B,2.11,93.91,11176.00,Penyiaran
" BOLA BALI BINTANG SEJAHTERA TBK. ",150.00,0.00%,0.00,Penjualan,8.100K,900.000B,—,—,56.00,Film/Hiburan
" BUVA BUKIT ULUWATU VILLA TBK. ",56.00,0.00%,0.00,Penjualan,13.800K,395.054B,13.67,4.10,401.00,Hotel/Resor/Pelayaran
" EAST EASTPARC HOTEL TBK. ",58.00,0.00%,0.00,Penjualan,4.522M,—,—,—,—,Hotel/Resor/Pelayaran
" FAST FAST FOOD INDONESIA TBK. ",1030.00,0.98%,10.00,Penjualan,6.800K,4050.080B,6.96,145.82,16162.00,Restoran
" FILM MD PICTURES TBK. ",150.00,-3.85%,-6.00,Penjualan Kuat,596.500K,1474.240B,26.48,5.74,23.00,Film/Hiburan
" FITT HOTEL FITRA INTERNATIONAL TBK. ",58.00,-1.69%,-1.00,Pembelian,16.500K,32.400B,—,—,71.00,Hotel/Resor/Pelayaran
" HOTL SARASWATI GRIYA LESTARI TBK. ",82.00,-6.82%,-6.00,Penjualan,10.700K,330.150B,—,-1.69,203.00,Hotel/Resor/Pelayaran
" HRME MENTENG HERITAGE REALTY TBK. ",432.00,-6.90%,-32.00,Penjualan,7.400K,3396.490B,—,—,32.00,Hotel/Resor/Pelayaran
" INPP INDONESIAN PARADISE PROPERTY TBK. ",700.00,0.00%,0.00,Penjualan Kuat,15.300K,7883.310B,4.11,181.37,510.00,Hotel/Resor/Pelayaran
" IPTV MNC VISION NETWORKS TBK. ",404.00,-0.98%,-4.00,Pembelian,2.697M,14590.900B,—,—,1126.00,TV Kabel/Satelit
" JIHD JAKARTA INTERNATIONAL HOTELS & DEVELOPMENT TBK. ",488.00,-2.40%,-12.00,Penjualan Kuat,1.200K,1187.810B,83.44,6.11,2129.00,Hotel/Resor/Pelayaran
" MAMI MAS MURNI INDONESIA TBK ",50.00,0.00%,0.00,Penjualan,20.700K,614.955B,166.67,0.30,97.00,Hotel/Resor/Pelayaran
" MAPB MAP BOGA ADIPERKASA TBK. ",1540.00,-0.65%,-10.00,Penjualan,200,3039.290B,25.33,55.27,5801.00,Restoran
" MARI MAHAKA RADIO INTEGRA TBK. ",147.00,-6.96%,-11.00,Penjualan Kuat,471.000K,787.896B,23.40,6.41,110.00,Penyiaran
" MDIA INTERMEDIA CAPITAL TBK. ",50.00,0.00%,0.00,Penjualan,1.100K,1960.770B,—,-6.42,1211.00,Penyiaran
" MNCN MEDIA NUSANTARA CITRA TBK. ",1040.00,-0.95%,-10.00,Penjualan,73.873M,11142.100B,—,164.80,—,Konglomerat Media
" MSKY MNC SKY VISION TBK. ",1270.00,-4.15%,-55.00,Penjualan,40.800K,2532.850B,—,-9.52,1808.00,Penyiaran
" PANR PANORAMA SENTRAWISATA TBK. ",83.00,-6.74%,-6.00,Penjualan,422.700K,114.000B,—,-21.98,2357.00,Layanan Konsumen Lainnya
" PDES DESTINASI TIRTA NUSANTARA TBK ",800.00,0.00%,0.00,Pembelian,300,572.000B,238.22,3.17,—,Layanan Konsumen Lainnya
" PGLI PEMBANGUNAN GRAHA LESTARI INDAH TBK. ",320.00,0.00%,0.00,Pembelian,1.300K,156.160B,328.07,0.98,103.00,Hotel/Resor/Pelayaran
" PLIN PLAZA INDONESIA REALTY TBK. ",2400.00,0.00%,0.00,Penjualan,800,9581.890B,—,—,662.00,Hotel/Resor/Pelayaran
" PNIN PANINVEST TBK. ",715.00,-1.38%,-10.00,Penjualan,371.700K,2583.380B,2.05,334.60,353.00,Layanan Konsumen Lainnya
" PNSE PUDJIADI & SONS TBK. ",550.00,-1.79%,-10.00,Pembelian,2.500K,510.600B,—,-20.98,724.00,Hotel/Resor/Pelayaran
" PZZA SARIMELATI KENCANA TBK. ",565.00,0.89%,5.00,Penjualan,6.119M,1707.360B,7.63,73.06,6536.00,Restoran
" SCMA SURYA CITRA MEDIA TBK. ",850.00,0.59%,5.00,Penjualan,34.868M,11123.900B,8.94,88.98,2677.00,Penyiaran
" SHID HOTEL SAHID JAYA INTERNATIONAL TBK. ",3610.00,0.00%,0.00,Pembelian,300,4242.260B,—,-14.76,611.00,Hotel/Resor/Pelayaran
" SINI SINGARAJA PUTRA TBK. ",1395.00,-0.36%,-5.00,Pembelian,400,616.500B,—,—,134.00,Hotel/Resor/Pelayaran
" TMPO TEMPO INTIMEDIA TBK. ",149.00,-6.29%,-10.00,Penjualan,200,168.274B,—,—,—,Percetakan: Buku/Majalah
" VIVA VISI MEDIA ASIA TBK. ",50.00,0.00%,0.00,Penjualan,10.000K,823.215B,—,-58.59,2915.00,Penyiaran
" AGAR ASIA SEJAHTERA MINA TBK. ",454.00,-0.44%,-2.00,Pembelian,233.700K,462.000B,—,—,7.00,Distributor Makanan
" AGII ANEKA GAS INDUSTRI TBK. ",440.00,0.46%,2.00,Penjualan Kuat,1.212M,1548.660B,14.42,32.60,2700.00,Distributor Grosir
" BLUE BERKAH PRIMA PERKASA TBK. ",474.00,0.42%,2.00,Penjualan,134.000K,—,—,—,—,Distributor Elektronik
" BMSR BINTANG MITRA SEMESTARAYA TBK ",59.00,1.72%,1.00,Penjualan,3.200K,59.119B,12.28,4.48,59.00,Distributor Grosir
" DAYA DUTA INTIDAYA TBK. ",466.00,18.88%,74.00,Pembelian,4.000K,1127.980B,51.18,7.66,1174.00,Distributor Grosir
" EPMT ENSEVAL PUTERA MEGATRADING TBK. ",2040.00,-6.85%,-150.00,Penjualan,13.200K,5931.920B,9.72,241.67,4686.00,Distributor Medis
" FOOD SENTRA FOOD INDONESIA TBK. ",85.00,-1.16%,-1.00,Pembelian,96.600K,53.300B,—,—,236.00,Distributor Makanan
" GLVA GALVA TECHNOLOGIES TBK. ",226.00,10.78%,22.00,Pembelian,90.900K,—,—,—,—,Distributor Elektronik
" HADE HIMALAYA ENERGI PERKASA TBK. ",50.00,0.00%,0.00,Penjualan,200,106.000B,26.21,1.91,39.00,Distributor Grosir
" HEXA HEXINDO ADIPERKASA TBK. ",2320.00,0.87%,20.00,Penjualan,1.437M,1864.800B,2.76,797.45,1565.00,Distributor Grosir
" INTA INTRACO PENTA TBK. ",358.00,-0.56%,-2.00,Penjualan,7.600K,1262.390B,—,-74.09,1590.00,Distributor Grosir
" IRRA ITAMA RANORAYA TBK. ",545.00,0.93%,5.00,Netral,12.164M,—,—,—,—,Distributor Medis
" KOBX KOBEXINDO TRACTORS TBK. ",87.00,0.00%,0.00,Penjualan,832.100K,147.712B,4.38,15.29,781.00,Distributor Grosir
" KOIN KOKOH INTI AREBAMA TBK ",110.00,0.00%,0.00,Penjualan,100,107.893B,17.71,6.21,360.00,Distributor Grosir
" MRAT MUSTIKA RATU TBK. ",135.00,-1.46%,-2.00,Pembelian,32.700K,54.784B,—,-1.73,1828.00,Distributor Medis
" OPMS OPTIMA PRIMA METAL SINERGI TBK. ",89.00,0.00%,0.00,Pembelian,198.900K,—,—,—,—,Distributor Grosir
" SDPC MILLENNIUM PHARMACON INTERNATIONAL TBK. ",81.00,0.00%,0.00,Penjualan,2.300K,95.550B,13.10,6.19,1091.00,Distributor Medis
" SLIS GAYA ABADI SEMPURNA TBK. ",4680.00,-2.30%,-110.00,Pembelian,326.900K,—,—,—,—,Distributor Elektronik
" TGKA TIGARAKSA SATRIA TBK. ",4900.00,-2.00%,-100.00,Penjualan,100,4592.470B,10.51,466.43,2109.00,Distributor Makanan
" WICO WICAKSANA OVERSEAS INTERNATIONAL TBK. ",550.00,0.00%,0.00,Pembelian,1.500K,697.923B,—,-18.78,361.00,Distributor Grosir
" GMFI GARUDA MAINTENANCE FACILITY AERO ASIA TBK. ",80.00,-2.44%,-2.00,Penjualan,21.364M,2315.150B,—,-1.51,4975.00,Luar Angkasa & Pertahanan
" IKBI SUMI INDO KABEL TBK. ",232.00,-1.69%,-4.00,Penjualan,12.700K,244.800B,5.04,46.83,552.00,Perlengkapan Telekomunikasi
" JSKY SKY ENERGY INDONESIA TBK. ",102.00,-3.77%,-4.00,Netral,17.571M,156.506B,5.62,14.42,44.00,Perlengkapan Produksi Elektronik
" MTDL METRODATA ELECTRONICS TBK. ",1235.00,4.22%,50.00,Penjualan,147.500K,2774.580B,7.80,144.91,2755.00,Peripheral Komputer
" PTSN SAT NUSAPERSADA TBK ",181.00,1.12%,2.00,Pembelian,5.645M,746.133B,14.27,10.44,436.00,Komponen Elektronik
" ADRO ADARO ENERGY TBK. ",1140.00,-0.87%,-10.00,Pembelian,52.492M,32625.700B,6.24,179.14,10988.00,Batubara
" APEX APEXINDO PRATAMA DUTA TBK. ",147.00,12.21%,16.00,Penjualan,3.300K,425.576B,—,-285.33,—,Produksi Minyak & Gas
" ARII ATLAS RESOURCES TBK. ",570.00,-3.39%,-20.00,Penjualan,12.400K,1785.000B,—,-133.82,314.00,Batubara
" BOSS BORNEO OLAH SARANA SUKSES TBK. ",60.00,0.00%,0.00,Penjualan,1.182M,82.600B,—,-4.37,—,Batubara
" BSSR BARAMULTI SUKSESSARANA TBK. ",1800.00,-2.96%,-55.00,Penjualan,1.600K,4919.020B,11.42,164.67,612.00,Batubara
" BUMI BUMI RESOURCES TBK. ",50.00,0.00%,0.00,Penjualan,1.343M,3354.190B,2.52,19.86,517.00,Batubara
" BYAN BAYAN RESOURCES TBK. ",14500.00,-4.61%,-700.00,Penjualan Kuat,200,48333.300B,15.26,950.20,593.00,Batubara
" CNKO EXPLOITASI ENERGI INDONESIA TBK. ",50.00,0.00%,0.00,Penjualan,200,447.818B,2.22,22.55,—,Batubara
" DWGL DWI GUNA LAKSANA TBK. ",246.00,-1.60%,-4.00,Penjualan,3.600K,2247.300B,—,-0.10,—,Batubara
" ELSA ELNUSA TBK. ",220.00,2.80%,6.00,Pembelian,92.691M,1029.090B,3.71,48.84,2075.00,Produksi Minyak & Gas
" GTBO GARDA TUJUH BUANA TBK ",78.00,-2.50%,-2.00,Penjualan,61.500K,187.500B,—,-45.15,63.00,Batubara
" HRUM HARUM ENERGY TBK. ",1375.00,0.00%,0.00,Pembelian,687.100K,3387.960B,13.12,102.11,697.00,Batubara
" ITMA SUMBER ENERGI ANDALAN TBK. ",320.00,12.68%,36.00,Pembelian,15.370M,215.934B,0.95,268.88,3.00,Batubara
" KKGI RESOURCE ALAM INDONESIA TBK. ",162.00,-2.41%,-4.00,Penjualan,4.100K,750.952B,21.77,7.35,407.00,Batubara
" MBAP MITRABARA ADIPERDANA TBK. ",1560.00,0.65%,10.00,Penjualan,22.800K,1908.400B,3.89,373.11,448.00,Batubara
" MEDC MEDCO ENERGI INTERNASIONAL TBK. ",505.00,0.00%,0.00,Penjualan,105.333M,6695.950B,—,—,2771.00,Produksi Minyak & Gas
" MYOH SAMINDO RESOURCES TBK. ",1260.00,-1.18%,-15.00,Pembelian,48.200K,2449.000B,6.04,182.83,698.00,Batubara
" PTBA BUKIT ASAM TBK. ",2100.00,-2.78%,-60.00,Penjualan,21.589M,22940.300B,5.42,374.45,2199.00,Batubara
" RAJA RUKUN RAHARJA TBK. ",102.00,-0.97%,-1.00,Penjualan,10.927M,363.529B,3.43,30.28,204.00,Produksi Minyak & Gas
" SMMT GOLDEN EAGLE ENERGY TBK. ",87.00,-2.25%,-2.00,Penjualan,116.700K,289.800B,4.54,20.26,75.00,Batubara
" SURE SUPER ENERGY TBK. ",2850.00,-0.35%,-10.00,Penjualan,200,4283.080B,—,—,—,Penyulingan / Pemasaran Minyak
" ADMF ADIRA DINAMIKA MULTI FINANCE TBK. ",8000.00,0.00%,0.00,Penjualan,2.408M,7200.000B,3.58,2108.69,17672.00,Pembiayaan/Penyewaan/Lising
" AGRO BANK RAKYAT INDONESIA AGRONIAGA TBK. ",105.00,0.00%,0.00,Penjualan,9.103M,2048.960B,41.02,2.39,811.00,Bank Regional
" AGRS BANK IBK INDONESIA TBK. ",136.00,-6.21%,-9.00,Penjualan,85.300K,957.207B,—,-14.31,347.00,Bank Regional
" AHAP ASURANSI HARTA AMAN PRATAMA TBK. ",50.00,-1.96%,-1.00,Penjualan,107.200K,147.112B,—,-12.10,121.00,Broker/Layanan Asuransi
" AKSI MAMING ENAM SEMBILAN MINERAL TBK. ",236.00,-1.67%,-4.00,Penjualan,221.800K,182.880B,4.39,56.44,5.00,Bank/Broker Investasi
" AMAG ASURANSI MULTI ARTHA GUNA TBK. ",274.00,-7.43%,-22.00,Penjualan Kuat,40.200K,1480.460B,20.26,14.61,—,Broker/Layanan Asuransi
" AMAN MAKMUR BERKAH AMANDA TBK. ",212.00,-3.64%,-8.00,Penjualan,349.000K,—,—,—,—,Pengembangan Real Estate
" AMAR BANK AMAR INDONESIA TBK. ",188.00,-5.05%,-10.00,Penjualan,41.500K,—,—,—,—,Bank Regional
" APIC PACIFIC STRATEGIC FINANCIAL TBK. ",750.00,2.74%,20.00,Pembelian Kuat,5.102M,8471.740B,93.29,7.72,189.00,Bank/Broker Investasi
" ARTO BANK ARTOS INDONESIA TBK. ",1045.00,-6.70%,-75.00,Pembelian,122.900K,9933.510B,—,-15.21,140.00,Bank Utama
" ASDM ASURANSI DAYIN MITRA TBK. ",955.00,0.53%,5.00,Penjualan,3.000K,182.400B,6.55,145.00,268.00,Asuransi Properti/Kasualitas
" ASJT ASURANSI JASA TANIA TBK. ",102.00,-2.86%,-3.00,Penjualan,52.900K,56.400B,3.52,27.26,248.00,Asuransi Multi-Lini
" ASMI ASURANSI KRESNA MITRA TBK. ",1195.00,0.42%,5.00,Pembelian Kuat,2.575M,10705.300B,420.78,2.83,236.00,Asuransi Jiwa/Kesehatan
" ASRI ALAM SUTERA REALTY TBK. ",125.00,-6.72%,-9.00,Pembelian,70.092M,2043.540B,3.89,27.02,1828.00,Pengembangan Real Estate
" BABP BANK MNC INTERNASIONAL TBK. ",50.00,0.00%,0.00,Penjualan,12.200K,1266.660B,56.72,0.88,—,Bank Regional
" BACA BANK CAPITAL INDONESIA TBK. ",420.00,-4.55%,-20.00,Pembelian,26.600K,3181.560B,—,12.38,814.00,Bank Regional
" BAPA BEKASI ASRI PEMULA TBK. ",50.00,0.00%,0.00,Penjualan,100.000K,33.089B,8.20,6.10,23.00,Pengembangan Real Estate
" BAPI BHAKTI AGUNG PROPERTINDO TBK. ",50.00,0.00%,0.00,Penjualan,19.700K,—,—,—,—,Pengembangan Real Estate
" BBCA BANK CENTRAL ASIA TBK. ",28275.00,-1.39%,-400.00,Pembelian,29.831M,675547.000B,23.35,1158.59,25877.00,Bank Regional
" BBHI BANK HARDA INTERNASIONAL TBK. ",83.00,-3.49%,-3.00,Penjualan,200,359.861B,—,-8.68,336.00,Bank Regional
" BBKP BANK BUKOPIN TBK. ",125.00,-0.79%,-1.00,Penjualan,20.409M,1141.890B,100.36,1.13,5770.00,Bank Regional
" BBLD BUANA FINANCE TBK. ",426.00,3.40%,14.00,Penjualan,100,720.860B,12.54,34.46,877.00,Pembiayaan/Penyewaan/Lising
" BBNI BANK NEGARA INDONESIA (PERSERO) TBK. ",4310.00,0.47%,20.00,Penjualan,81.628M,68627.200B,4.67,824.96,27211.00,Bank Regional
" BBRI BANK RAKYAT INDONESIA (PERSERO) TBK. ",3030.00,0.33%,10.00,Penjualan,405.389M,369590.000B,—,280.94,61768.00,Bank Regional
" BCAP MNC KAPITAL INDONESIA TBK. ",168.00,12.00%,18.00,Pembelian,113.500K,6351.230B,48.46,3.20,2546.00,Bank/Broker Investasi
" BCIP BUMI CITRA PERMAI TBK. ",50.00,0.00%,0.00,Penjualan,9.600K,71.496B,3.00,18.00,181.00,Pengembangan Real Estate
" BDMN BANK DANAMON INDONESIA TBK. ",2240.00,-2.61%,-60.00,Pembelian,6.490M,20669.500B,5.29,380.30,28913.00,Bank Regional
" BEKS BANK PEMBANGUNAN DAERAH BANTEN TBK. ",50.00,0.00%,0.00,Penjualan,305.200K,3205.470B,—,-1.63,1051.00,Bank Regional
" BEST BEKASI FAJAR INDUSTRIAL ESTATE TBK. ",120.00,-4.76%,-6.00,Pembelian,26.891M,926.142B,2.69,39.41,226.00,Pengembangan Real Estate
" BFIN BFI FINANCE INDONESIA TBK. ",334.00,15.17%,44.00,Penjualan,395.800K,3591.450B,5.85,47.56,12127.00,Pembiayaan/Penyewaan/Lising
" BGTG BANK GANESHA TBK. ",50.00,0.00%,0.00,Penjualan,48.800K,558.755B,—,-0.49,308.00,Bank Regional
" BIKA BINAKARYA JAYA ABADI TBK. ",175.00,-2.78%,-5.00,Penjualan,300,106.610B,—,-37.95,412.00,Pengembangan Real Estate
" BINA BANK INA PERDANA TBK. ",920.00,-5.15%,-50.00,Pembelian,22.200K,5258.570B,—,—,295.00,Bank Regional
" BIPP BHUWANATALA INDAH PERMAI TBK. ",50.00,0.00%,0.00,Penjualan,400,251.433B,—,-7.47,—,Pengembangan Real Estate
" BJBR BANK PEMBANGUNAN DAERAH JAWA BARAT DAN BANTEN TBK. ",840.00,0.00%,0.00,Netral,6.788M,7133.120B,5.02,158.42,7709.00,Bank Regional
" BKDP BUKIT DARMO PROPERTY TBK ",50.00,-5.66%,-3.00,Penjualan,44.300K,375.699B,—,—,120.00,Pengembangan Real Estate
" BKSL SENTUL CITY TBK. ",50.00,0.00%,0.00,Penjualan,16.097M,3354.180B,8.66,5.78,453.00,Pengembangan Real Estate
" BKSW BANK QNB INDONESIA TBK. ",90.00,-6.25%,-6.00,Penjualan,81.600K,2411.530B,17.69,6.22,654.00,Bank Regional
" BMAS BANK MASPION INDONESIA TBK. ",200.00,9.89%,18.00,Penjualan,100,808.710B,11.36,16.90,707.00,Bank Regional
" BMRI BANK MANDIRI (PERSERO) TBK. ",5125.00,-1.44%,-75.00,Penjualan,95.732M,215133.000B,8.07,588.90,39065.00,Bank Regional
" BNGA BANK CIMB NIAGA TBK. ",675.00,0.00%,0.00,Penjualan,2.035M,14957.900B,4.17,146.21,11326.00,Bank Regional
" BNII BANK MAYBANK INDONESIA TBK. ",167.00,3.73%,6.00,Pembelian,1.990M,10593.900B,6.12,24.18,6603.00,Bank Regional
" BNLI BANK PERMATA TBK. ",1155.00,0.43%,5.00,Pembelian,7.971M,28323.100B,19.81,53.50,7120.00,Bank Regional
" BPFI BATAVIA PROSPERINDO FINANCE TBK. ",1180.00,0.00%,0.00,Penjualan,52.900K,2103.540B,28.10,41.99,—,Pembiayaan/Penyewaan/Lising
" BPTR BATAVIA PROSPERINDO TRANS TBK. ",86.00,0.00%,0.00,Penjualan Kuat,3.400K,133.300B,2.40,36.71,103.00,Pembiayaan/Penyewaan/Lising
" BRIS BANK BRISYARIAH TBK. ",202.00,-0.98%,-2.00,Penjualan,23.211M,1797.480B,25.91,7.62,3098.00,Bank Utama
" BSDE BUMI SERPONG DAMAI TBK. ",855.00,3.01%,25.00,Pembelian,48.885M,12342.700B,4.39,147.00,2759.00,Pengembangan Real Estate
" BTPN BANK BTPN TBK. ",2020.00,1.00%,20.00,Penjualan,121.200K,14899.400B,6.21,308.67,19175.00,Bank Regional
" BTPS BANK TABUNGAN PENSIUNAN NASIONAL SYARIAH TBK. ",2780.00,24.66%,550.00,Penjualan,82.305M,15286.900B,10.56,181.73,11495.00,Bank Utama
" BVIC BANK VICTORIA INTERNATIONAL TBK. ",59.00,1.72%,1.00,Penjualan,413.700K,519.213B,10.21,5.68,1044.00,Bank Regional
" CASA CAPITAL FINANCIAL INDONESIA TBK. ",382.00,0.00%,0.00,Penjualan,308.500K,21790.500B,—,—,—,Konglomerat Finansial
" CFIN CLIPAN FINANCE INDONESIA TBK. ",190.00,0.00%,0.00,Penjualan,117.100K,761.043B,2.17,90.75,—,Pembiayaan/Penyewaan/Lising
" CITY NATURA CITY DEVELOPMENTS TBK. ",57.00,1.79%,1.00,Pembelian,98.300K,297.147B,9.20,5.87,116.00,Pengembangan Real Estate
" CLAY CITRA PUTRA REALTY TBK. ",2330.00,0.00%,0.00,Penjualan,51.400K,6322.200B,—,—,291.00,Pengembangan Real Estate
" COWL COWELL DEVELOPMENT TBK. ",50.00,0.00%,0.00,Penjualan,100,243.560B,—,-9.28,289.00,Pengembangan Real Estate
" CPRI CAPRI NUSA SATU PROPERTI TBK. ",50.00,0.00%,0.00,Penjualan,12.000K,—,—,—,—,Pengembangan Real Estate
" CTRA CIPUTRA DEVELOPMENT TBK. ",605.00,6.14%,35.00,Penjualan,132.406M,7784.990B,7.52,54.80,3458.00,Pengembangan Real Estate
" DADA DIAMOND CITRA PROPERTINDO TBK. ",350.00,-1.13%,-4.00,Pembelian,3.774M,—,—,—,—,Pengembangan Real Estate
" DART DUTA ANGGADA REALTY TBK. ",330.00,22.22%,60.00,Pembelian Kuat,6.100K,967.548B,—,-11.83,521.00,Pengembangan Real Estate
" DEFI DANASUPRA ERAPACIFIC TBK. ",1875.00,-0.53%,-10.00,Pembelian Kuat,500,1305.810B,117.75,16.01,14.00,Pembiayaan/Penyewaan/Lising
" DFAM DAFAM PROPERTY INDONESIA TBK. ",322.00,-6.94%,-24.00,Penjualan,700,661.061B,—,—,299.00,Pengembangan Real Estate
" DILD INTILAND DEVELOPMENT TBK. ",246.00,-1.60%,-4.00,Pembelian,183.500K,2674.400B,29.70,8.42,—,Pengembangan Real Estate
" DMAS PURADELTA LESTARI TBK. ",158.00,-4.82%,-8.00,Penjualan,95.430M,8000.880B,5.99,27.70,514.00,Pengembangan Real Estate
" DNAR BANK OKE INDONESIA TBK. ",282.00,-6.00%,-18.00,Pembelian Kuat,1.300K,1635.800B,38.03,6.57,—,Bank Regional
" ELTY BAKRIELAND DEVELOPMENT TBK. ",50.00,0.00%,0.00,Penjualan,300,2176.090B,—,-16.60,623.00,Pengembangan Real Estate
" ESTA ESTA MULTI USAHA TBK. ",125.00,19.05%,20.00,Penjualan,37.380M,—,—,—,—,Pengembangan Real Estate
" FORZ FORZA LAND INDONESIA TBK. ",50.00,0.00%,0.00,Penjualan,100,99.201B,—,-2.78,45.00,Pengembangan Real Estate
" FUJI FUJI FINANCE INDONESIA TBK. ",110.00,10.00%,10.00,Pembelian Kuat,421.900K,—,—,—,—,Pembiayaan/Penyewaan/Lising
" GMTD GOWA MAKASSAR TOURISM DEVELOPMENT TBK. ",18200.00,-3.58%,-675.00,Penjualan,100,1898.760B,—,-575.67,97.00,Pengembangan Real Estate
" GOLD VISI TELEKOMUNIKASI INFRASTRUKTUR TBK. ",194.00,1.57%,3.00,Penjualan,900,228.633B,22.29,8.03,—,Pembiayaan/Penyewaan/Lising
" GPRA PERDANA GAPURAPRIMA TBK. ",51.00,0.00%,0.00,Penjualan,2.272M,213.655B,4.19,11.93,214.00,Pengembangan Real Estate
" GSMF EQUITY DEVELOPMENT INVESTMENT TBK. ",116.00,16.00%,16.00,Pembelian,7.300K,849.838B,15.30,7.45,917.00,Asuransi Multi-Lini
" GWSA GREENWOOD SEJAHTERA TBK. ",93.00,-6.06%,-6.00,Penjualan,60.800K,639.662B,4.08,24.01,—,Pengembangan Real Estate
" HDFA RADANA BHASKARA FINANCE TBK. ",131.00,-6.43%,-9.00,Penjualan Kuat,6.600K,853.576B,—,-113.52,1648.00,Pembiayaan/Penyewaan/Lising
" HDIT HENSEL DAVEST INDONESIA TBK. ",660.00,-2.22%,-15.00,Pembelian,400,876.691B,—,—,40.00,Bank Regional
" IBFN INTAN BARUPRANA FINANCE TBK. ",286.00,0.00%,0.00,Penjualan,15.400K,476.715B,—,-49.24,48.00,Pembiayaan/Penyewaan/Lising
" ICON ISLAND CONCEPTS INDONESIA TBK. ",56.00,-6.67%,-4.00,Penjualan,161.500K,65.385B,4.36,13.75,48.00,Pengembangan Real Estate
" IMJS INDOMOBIL MULTI JASA TBK. ",171.00,-3.93%,-7.00,Penjualan,482.700K,796.198B,7.95,18.24,2367.00,Pembiayaan/Penyewaan/Lising
" INDO ROYALINDO INVESTA WIJAYA TBK. ",60.00,0.00%,0.00,Netral,186.200K,—,—,—,—,Bank Regional
" JMAS ASURANSI JIWA SYARIAH JASA MITRA ABADI TBK. ",318.00,-3.64%,-12.00,Penjualan,500,356.000B,—,—,19.00,Asuransi Multi-Lini
" KIJA KAWASAN INDUSTRI JABABEKA TBK. ",135.00,-4.26%,-6.00,Penjualan,5.285M,2374.040B,4.95,23.84,829.00,Pengembangan Real Estate
" KOTA DMS PROPERTINDO TBK. ",525.00,0.00%,0.00,Penjualan,400,5534.390B,—,—,106.00,Pengembangan Real Estate
" KPIG MNC LAND TBK. ",116.00,-0.85%,-1.00,Penjualan Kuat,3.659M,9594.460B,—,12.79,550.00,Pengembangan Real Estate
" KREN KRESNA GRAHA INVESTAMA TBK. ",264.00,-6.38%,-18.00,Penjualan Kuat,848.100K,5462.550B,14.89,20.28,308.00,Bank/Broker Investasi
" LAND TRIMITRA PROPERTINDO TBK. ",474.00,0.85%,4.00,Penjualan,87.400K,1390.720B,75.43,6.15,68.00,Kepercayaan Investasi Real Estate
" LPCK LIPPO CIKARANG TBK ",610.00,1.67%,10.00,Pembelian,2.301M,1146.870B,—,-645.30,541.00,Pengembangan Real Estate
" LPGI LIPPO GENERAL INSURANCE TBK. ",3650.00,0.00%,0.00,Pembelian,900,547.500B,6.84,533.35,311.00,Asuransi Properti/Kasualitas
" LPKR LIPPO KARAWACI TBK. ",152.00,-3.18%,-5.00,Penjualan,34.894M,9247.540B,—,-60.36,10137.00,Pengembangan Real Estate
" LPPS LIPPO SECURITIES TBK. ",72.00,0.00%,0.00,Netral,10.700K,186.354B,—,-4.55,16.00,Pengelola Investasi
" MAYA BANK MAYAPADA INTERNASIONAL TBK. ",6400.00,-8.57%,-600.00,Penjualan,100,43698.300B,109.42,58.49,3488.00,Bank Regional
" MCOR BANK CHINA CONSTRUCTION BANK INDONESIA TBK. ",90.00,3.45%,3.00,Pembelian,1.136M,1230.730B,16.43,4.75,—,Bank Regional
" MDLN MODERNLAND REALTY TBK. ",83.00,-3.49%,-3.00,Penjualan,108.630M,931.893B,4.99,15.84,1196.00,Pengembangan Real Estate
" MEGA BANK MEGA TBK. ",6450.00,0.00%,0.00,Pembelian Kuat,100,44742.200B,22.34,287.59,5397.00,Bank Regional
" MFIN MANDALA MULTIFINANCE TBK. ",1030.00,-0.48%,-5.00,Penjualan,15.000K,2756.000B,6.96,142.30,6738.00,Pembiayaan/Penyewaan/Lising
" MINA SANURHASTA MITRA TBK. ",50.00,0.00%,0.00,Penjualan,5.000K,328.125B,41.46,1.21,10.00,Pengembangan Real Estate
" MKPI METROPOLITAN KENTJANA TBK. ",15850.00,0.00%,0.00,Pembelian,300,15028.900B,24.45,648.37,1143.00,Pengembangan Real Estate
" MMLP MEGA MANUNGGAL PROPERTY TBK. ",150.00,-3.23%,-5.00,Pembelian,1.138M,930.034B,8.34,16.43,—,Pengembangan Real Estate
" MREI MASKAPAI REASURANSI INDONESIA TBK. ",5000.00,-5.21%,-275.00,Penjualan,300,2731.350B,13.75,362.23,128.00,Asuransi Multi-Lini
" MSIN MNC STUDIOS INTERNATIONAL TBK. ",346.00,0.00%,0.00,Penjualan,218.000K,1768.680B,8.14,42.53,499.00,Pengelola Investasi
" MTFN CAPITALINC INVESTMENT TBK. ",50.00,0.00%,0.00,Penjualan,100,1592.110B,—,-0.05,—,Konglomerat Finansial
" MTLA METROPOLITAN LAND TBK. ",390.00,2.63%,10.00,Penjualan,300,2908.950B,6.72,56.52,561.00,Pengembangan Real Estate
" MTSM METRO REALTY TBK. ",202.00,-0.98%,-2.00,Pembelian,500,47.035B,—,-32.76,62.00,Pengembangan Real Estate
" MTWI MALACCA TRUST WUWUNGAN INSURANCE TBK. ",50.00,0.00%,0.00,Penjualan,55.600K,76.291B,104.98,0.48,81.00,Asuransi Multi-Lini
" NASA AYANA LAND INTERNATIONAL TBK. ",212.00,-6.19%,-14.00,Penjualan,59.300K,2575.150B,569.64,0.38,—,Pengembangan Real Estate
" NATO NUSANTARA PROPERTI INTERNASIONAL TBK. ",1165.00,4.02%,45.00,Pembelian,54.942M,8961.220B,—,—,64.00,Pengembangan Real Estate
" NICK CHARNIC CAPITAL TBK. ",306.00,9.29%,26.00,Pembelian,200,190.136B,18.76,14.92,8.00,Konglomerat Finansial
" NIRO CITY RETAIL DEVELOPMENTS TBK. ",159.00,0.00%,0.00,Pembelian,11.100K,3529.620B,—,-2.72,—,Pengembangan Real Estate
" NISP BANK OCBC NISP TBK. ",750.00,-2.60%,-20.00,Penjualan,48.900K,17782.600B,6.05,128.10,5949.00,Bank Regional
" NOBU BANK NATIONALNOBU TBK. ",915.00,0.00%,0.00,Penjualan,1.000K,4060.690B,96.58,9.47,1400.00,Bank Regional
" OCAP ONIX CAPITAL TBK. ",150.00,-6.25%,-10.00,Penjualan,100,40.980B,11.86,12.64,—,Bank/Broker Investasi
" OMRE INDONESIA PRIMA PROPERTY TBK ",360.00,-6.25%,-24.00,Penjualan Kuat,100,589.810B,5.36,67.20,—,Pengembangan Real Estate
" PADI MINNA PADI INVESTAMA SEKURITAS TBK. ",50.00,0.00%,0.00,Penjualan,10.100K,565.360B,—,-10.04,65.00,Bank/Broker Investasi
" PANS PANIN SEKURITAS TBK. ",1000.00,5.82%,55.00,Pembelian,20.000K,543.081B,4.39,178.88,317.00,Bank/Broker Investasi
" PEGE PANCA GLOBAL KAPITAL TBK. ",168.00,11.26%,17.00,Pembelian,22.900K,464.681B,4.79,33.41,—,Konglomerat Finansial
" PJAA PEMBANGUNAN JAYA ANCOL TBK. ",600.00,0.00%,0.00,Penjualan,13.000K,768.000B,3.56,134.85,835.00,Pengembangan Real Estate
" PNBN BANK PAN INDONESIA TBK ",795.00,1.27%,10.00,Penjualan,4.827M,16620.400B,5.01,137.70,—,Bank Regional
" PNBS BANK PANIN DUBAI SYARIAH TBK. ",50.00,0.00%,0.00,Penjualan,5.600K,1197.950B,90.50,0.55,—,Bank Regional
" PNLF PANIN FINANCIAL TBK. ",210.00,1.94%,4.00,Pembelian,17.178M,6340.380B,3.40,54.48,353.00,Asuransi Jiwa/Kesehatan
" POLL POLLUX PROPERTI INDONESIA TBK. ",9000.00,-2.44%,-225.00,Penjualan,524.000K,84436.000B,603.48,15.66,263.00,Pengembangan Real Estate
" POOL POOL ADVISTA INDONESIA TBK. ",50.00,0.00%,0.00,Penjualan,1.700K,117.068B,—,-111.51,77.00,Asuransi Properti/Kasualitas
" POSA BLISS PROPERTI INDONESIA TBK. ",50.00,0.00%,0.00,Penjualan,7.900K,419.443B,—,—,—,Pengembangan Real Estate
" PPRE PP PRESISI TBK. ",135.00,4.65%,6.00,Pembelian,38.605M,981.533B,3.33,32.40,363.00,Pembiayaan/Penyewaan/Lising
" PPRO PP PROPERTI TBK. ",58.00,16.00%,8.00,Pembelian,1.026B,3083.780B,8.93,5.60,656.00,Pengembangan Real Estate
" PWON PAKUWON JATI TBK. ",404.00,-2.88%,-12.00,Penjualan,214.535M,15025.800B,5.42,60.48,3230.00,Pengembangan Real Estate
" RBMS RISTIA BINTANG MAHKOTASEJATI TBK. ",50.00,0.00%,0.00,Penjualan,2.834M,132.810B,—,-10.21,208.00,Pengembangan Real Estate
" REAL REPOWER ASIA INDONESIA TBK. ",72.00,-6.49%,-5.00,Pembelian,378.007M,—,—,—,—,Pengembangan Real Estate
" RISE JAYA SUKSES MAKMUR SENTOSA TBK. ",440.00,-1.35%,-6.00,Penjualan,283.500K,4537.200B,190.39,2.34,29.00,Pengembangan Real Estate
" RODA PIKKO LAND DEVELOPMENT TBK. ",50.00,0.00%,0.00,Penjualan,456.400K,679.605B,445.63,0.11,233.00,Pengembangan Real Estate
" SATU KOTA SATU PROPERTI TBK. ",50.00,0.00%,0.00,Penjualan,1.300K,63.750B,—,-7.59,131.00,Pengembangan Real Estate
" SDRA BANK WOORI SAUDARA INDONESIA 1906 TBK. ",795.00,1.92%,15.00,Pembelian,4.000K,5133.130B,10.27,75.95,1052.00,Bank Regional
" SFAN SURYA FAJAR CAPITAL TBK. ",775.00,0.65%,5.00,Penjualan,8.900K,—,—,—,—,Pengelola Investasi
" SKRN SUPERKRANE MITRA UTAMA TBK. ",416.00,-1.42%,-6.00,Penjualan,351.800K,603.000B,—,—,313.00,Pembiayaan/Penyewaan/Lising
" SMDM SURYAMAS DUTAMAKMUR TBK. ",69.00,-2.82%,-2.00,Penjualan,800,353.138B,14.03,5.27,415.00,Pengembangan Real Estate
" SMMA SINARMAS MULTIARTHA TBK. ",12800.00,-5.19%,-700.00,Penjualan,100,161188.000B,14.44,934.99,6086.00,Pembiayaan/Penyewaan/Lising
" SMRA SUMMARECON AGUNG TBK. ",520.00,1.96%,10.00,Penjualan,74.685M,5366.770B,9.97,35.70,2538.00,Pengembangan Real Estate
" SOTS SATRIA MEGA KENCANA TBK. ",210.00,-2.78%,-6.00,Penjualan Kuat,200,—,—,—,—,Pengembangan Real Estate
" TRIM TRIMEGAH SEKURITAS INDONESIA TBK. ",128.00,-1.54%,-2.00,Penjualan,2.300K,909.990B,14.61,8.76,294.00,Bank/Broker Investasi
" TRIN PERINTIS TRINITI PROPERTI TBK. ",216.00,5.88%,12.00,Pembelian,12.211M,—,—,—,—,Pengembangan Real Estate
" TRUS TRUST FINANCE INDONESIA TBK ",354.00,-6.84%,-26.00,Pembelian,100,288.000B,14.09,25.12,77.00,Pembiayaan/Penyewaan/Lising
" TUGU ASURANSI TUGU PRATAMA INDONESIA TBK. ",3190.00,-1.54%,-50.00,Penjualan,7.000K,5760.010B,—,—,330.00,Broker/Layanan Asuransi
" URBN URBAN JAKARTA PROPERTINDO TBK. ",1785.00,-3.25%,-60.00,Penjualan,159.400K,5995.580B,59.94,36.97,59.00,Pengembangan Real Estate
" VICO VICTORIA INVESTAMA TBK. ",105.00,0.96%,1.00,Penjualan,11.600K,988.211B,19.01,5.63,1395.00,Bank/Broker Investasi
" VINS VICTORIA INSURANCE TBK. ",96.00,-5.88%,-6.00,Penjualan,22.000K,160.227B,23.35,4.71,41.00,Asuransi Multi-Lini
" WOMF WAHANA OTTOMITRA MULTIARTHA TBK. ",202.00,-4.72%,-10.00,Penjualan Kuat,542.100K,738.074B,2.84,74.59,2670.00,Pembiayaan/Penyewaan/Lising
" YULE YULIE SEKURITAS INDONESIA TBK. ",228.00,4.59%,10.00,Pembelian Kuat,100,385.560B,34.40,5.87,—,Bank/Broker Investasi
" CARE METRO HEALTHCARE INDONESIA TBK. ",302.00,-0.66%,-2.00,Pembelian,6.377M,—,—,—,—,Layanan Medis/Perawat
" HEAL MEDIKALOKA HERMINA TBK. ",2510.00,4.15%,100.00,Netral,1.232M,6035.190B,27.98,75.41,9124.00,Manajemen Rumah Sakit/Perawat
" MIKA MITRA KELUARGA KARYASEHAT TBK. ",1990.00,-5.24%,-110.00,Penjualan,3.308M,27883.100B,39.07,51.20,7516.00,Manajemen Rumah Sakit/Perawat
" PRIM ROYAL PRIMA TBK. ",308.00,-0.65%,-2.00,Penjualan,4.800K,977.308B,185.28,1.57,—,Manajemen Rumah Sakit/Perawat
" SAME SARANA MEDITAMA METROPOLITAN TBK. ",140.00,0.00%,0.00,Penjualan,21.500K,796.500B,—,—,1074.00,Manajemen Rumah Sakit/Perawat
" SILO SILOAM INTERNATIONAL HOSPITALS TBK. ",5400.00,-3.57%,-200.00,Penjualan,13.000K,9470.110B,168.17,34.49,8855.00,Manajemen Rumah Sakit/Perawat
" SRAJ SEJAHTERARAYA ANUGRAHJAYA TBK. ",190.00,-1.04%,-2.00,Penjualan,153.000K,2424.140B,—,-3.36,1806.00,Manajemen Rumah Sakit/Perawat
" DVLA DARYA-VARIA LABORATORIA TBK. ",2150.00,-0.46%,-10.00,Pembelian,3.600K,2371.760B,10.58,198.54,1252.00,Obat-obatan: Generik
" INAF INDOFARMA (PERSERO) TBK. ",1080.00,-3.57%,-40.00,Pembelian,4.759M,3362.710B,—,-10.48,1521.00,Obat-obatan: Lainnya
" KAEF KIMIA FARMA TBK. ",1275.00,-2.30%,-30.00,Pembelian,10.811M,7136.890B,—,-2.29,13052.00,Obat-obatan: Utama
" KLBF KALBE FARMA TBK. ",1230.00,-3.15%,-40.00,Penjualan,68.563M,54609.500B,23.45,54.79,12575.00,Obat-obatan: Lainnya
" MERK MERCK TBK. ",1895.00,2.43%,45.00,Pembelian,42.300K,819.840B,10.76,174.68,431.00,Obat-obatan: Utama
" PEHA PHAPROS TBK. ",940.00,0.00%,0.00,Pembelian,77.600K,789.600B,7.74,121.47,1456.00,Obat-obatan: Utama
" PYFA PYRIDAM FARMA TBK ",172.00,0.00%,0.00,Penjualan,200,92.034B,—,—,653.00,Obat-obatan: Lainnya
" ACST ACSET INDONUSA TBK. ",300.00,-1.96%,-6.00,Penjualan,3.510M,203.000B,—,-1623.19,452.00,Teknik & Konstruksi
" ADHI ADHI KARYA (PERSERO) TBK. ",630.00,-1.56%,-10.00,Penjualan,82.457M,1798.230B,2.73,185.31,1538.00,Teknik & Konstruksi
" BUKK BUKAKA TEKNIK UTAMA TBK. ",1100.00,-5.17%,-60.00,Penjualan Kuat,51.400K,3142.140B,6.17,186.34,626.00,Teknik & Konstruksi
" DEWA DARMA HENWA TBK ",50.00,0.00%,0.00,Penjualan,104.800K,1092.680B,24.75,2.02,2837.00,Teknik & Konstruksi
" DGIK NUSA KONSTRUKSI ENJINIRING TBK. ",50.00,0.00%,0.00,Penjualan,100,276.087B,—,-14.24,1216.00,Teknik & Konstruksi
" IDPR INDONESIA PONDASI RAYA TBK. ",214.00,-5.31%,-12.00,Penjualan Kuat,125.000K,484.726B,57.17,4.23,979.00,Teknik & Konstruksi
" INDY INDIKA ENERGY TBK. ",755.00,-1.31%,-10.00,Pembelian,7.820M,3777.390B,—,-48.84,8.38,Teknik & Konstruksi
" JKON JAYA KONSTRUKSI MANGGALA PRATAMA TBK. ",416.00,0.00%,0.00,Penjualan,100.000K,6751.720B,31.28,13.24,2137.00,Teknik & Konstruksi
" KOPI MITRA ENERGI PERSADA TBK. ",585.00,0.00%,0.00,Penjualan,23.300K,407.901B,60.43,9.68,—,Layanan/Perlengkapan Ladang Minyak
" MIRA MITRA INTERNATIONAL RESOURCES TBK. ",50.00,0.00%,0.00,Penjualan,500,198.073B,22.09,2.26,154.00,Layanan/Perlengkapan Ladang Minyak
" MTPS META EPSI TBK. ",336.00,24.44%,66.00,Pembelian,44.500K,375.260B,—,—,10.00,Teknik & Konstruksi
" NRCA NUSA RAYA CIPTA TBK. ",270.00,-4.93%,-14.00,Penjualan,423.300K,644.666B,6.47,41.42,442.00,Teknik & Konstruksi
" PGAS PERUSAHAAN GAS NEGARA TBK. ",915.00,2.23%,20.00,Penjualan,307.010M,17817.500B,20.25,39.52,3119.00,Jalur Pipa Minyak & Gas
" PKPK PERDANA KARYA PERKASA TBK ",50.00,0.00%,0.00,Penjualan,3.500K,26.968B,—,-13.05,18.00,Teknik & Konstruksi
" PTIS INDO STRAITS TBK. ",61.00,-4.69%,-3.00,Penjualan,100,35.211B,17.61,3.46,176.00,Teknik & Konstruksi
" PTPP PP (PERSERO) TBK. ",760.00,7.04%,50.00,Penjualan,175.028M,3192.950B,3.50,150.05,2095.00,Teknik & Konstruksi
" PTPW PRATAMA WIDYA TBK. ",605.00,0.00%,0.00,Penjualan,20.800K,—,—,—,—,Teknik & Konstruksi
" PTRO PETROSEA TBK. ",1335.00,-1.48%,-20.00,Pembelian,1.783M,1185.120B,2.75,436.53,5864.00,Teknik & Konstruksi
" SSIA SURYA SEMESTA INTERNUSA TBK. ",372.00,-7.00%,-28.00,Penjualan,40.895M,1906.280B,19.24,19.85,—,Teknik & Konstruksi
" TOPS TOTALINDO EKA PERSADA TBK. ",50.00,0.00%,0.00,Penjualan,184.100K,1666.500B,—,-2.52,68.00,Teknik & Konstruksi
" TOTL TOTAL BANGUN PERSADA TBK. ",298.00,-2.61%,-8.00,Penjualan,2.203M,1050.280B,6.02,51.53,715.00,Teknik & Konstruksi
" WEGE WIJAYA KARYA BANGUNAN GEDUNG TBK. ",202.00,4.12%,8.00,Pembelian,126.758M,1397.510B,3.48,47.19,—,Teknik & Konstruksi
" WIKA WIJAYA KARYA (PERSERO) TBK. ",1220.00,7.49%,85.00,Netral,118.317M,7489.910B,3.39,254.84,5566.00,Teknik & Konstruksi
" WOWS GINTING JAYA ENERGI TBK. ",50.00,-1.96%,-1.00,Penjualan,10.963M,126.262B,—,—,613.00,Layanan/Perlengkapan Ladang Minyak
" WSKT WASKITA KARYA (PERSERO) TBK. ",665.00,4.72%,30.00,Penjualan,304.906M,6515.520B,7.06,69.11,—,Teknik & Konstruksi
" WTON WIJAYA KARYA BETON TBK. ",274.00,-4.86%,-14.00,Pembelian,67.297M,1801.070B,3.68,61.44,1492.00,Teknik & Konstruksi
" SRTG SARATOGA INVESTAMA SEDAYA TBK. ",2900.00,0.00%,0.00,Penjualan,102.300K,8947.350B,1.14,2717.83,58.00,Dana Investasi/Reksa Dana
" AKKU ANUGERAH KAGUM KARYA UTAMA TBK. ",50.00,0.00%,0.00,Penjualan,800,322.473B,—,-2.14,50.00,Logam/Mineral Lainnya
" ALKA ALAKASA INDUSTRINDO TBK ",366.00,-3.68%,-14.00,Pembelian,400,200.020B,17.77,22.17,—,Aluminum
" ALMI ALUMINDO LIGHT METAL INDUSTRY TBK. ",197.00,1.03%,2.00,Penjualan,7.100K,128.128B,—,-250.72,—,Aluminum
" ANTM ANEKA TAMBANG TBK. ",555.00,2.78%,15.00,Pembelian,256.414M,10477.400B,13.50,33.48,3637.00,Logam Berharga
" BAJA SARANACENTRAL BAJATAMA TBK. ",54.00,-1.82%,-1.00,Penjualan,749.900K,100.800B,—,-26.78,230.00,Baja
" BRPT BARITO PACIFIC TBK. ",985.00,-1.50%,-15.00,Pembelian,87.886M,65943.100B,121.65,7.10,3400.00,Produk-Produk Kehutanan
" BTON BETONJAYA MANUNGGAL TBK. ",170.00,0.59%,1.00,Pembelian,120.600K,90.000B,27.74,4.69,66.00,Baja
" DKFT CENTRAL OMEGA RESOURCES TBK. ",99.00,-2.94%,-3.00,Netral,4.751M,454.300B,44.03,1.95,815.00,Logam/Mineral Lainnya
" DSNG DHARMA SATYA NUSANTARA TBK. ",338.00,0.60%,2.00,Penjualan,967.300K,3493.370B,16.93,19.49,17391.00,Produk-Produk Kehutanan
" GDST GUNAWAN DIANJAYA STEEL TBK. ",56.00,-1.75%,-1.00,Penjualan,591.300K,489.824B,—,-1.91,730.00,Baja
" GGRP GUNUNG RAJA PAKSI TBK. ",280.00,2.19%,6.00,Penjualan,300,3536.530B,—,—,4896.00,Baja
" IFII INDONESIA FIBREBOARD INDUSTRY TBK. ",139.00,-2.11%,-3.00,Penjualan,14.400K,1355.330B,—,—,428.00,Produk-Produk Kehutanan
" IFSH IFISHDECO TBK. ",356.00,-3.78%,-14.00,Penjualan Kuat,1.100K,—,—,—,—,Logam/Mineral Lainnya
" INAI INDAL ALUMINIUM INDUSTRY TBK. ",374.00,-6.50%,-26.00,Penjualan,1.900K,215.424B,6.83,55.08,—,Aluminum
" INCO VALE INDONESIA TBK. ",2310.00,-6.10%,-150.00,Pembelian,13.994M,20170.800B,27.27,81.03,3044.00,Logam/Mineral Lainnya
" INTP INDOCEMENT TUNGGAL PRAKARSA TBK. ",12400.00,-4.25%,-550.00,Penjualan,4.128M,47671.900B,25.97,498.56,5246.00,Material Konstruksi
" KAYU DARMI BERSAUDARA TBK. ",53.00,6.00%,3.00,Pembelian,22.801M,—,—,—,—,Produk-Produk Kehutanan
" KRAS KRAKATAU STEEL (PERSERO) TBK. ",179.00,-2.19%,-4.00,Penjualan,9.538M,2805.230B,—,-183.71,6475.00,Baja
" OKAS ANCORA INDONESIA RESOURCES TBK. ",54.00,-5.26%,-3.00,Penjualan Kuat,846.000K,114.785B,—,-9.26,535.00,Logam Berharga
" PSAB J RESOURCES ASIA PASIFIK TBK. ",222.00,12.69%,25.00,Pembelian,149.179M,5106.780B,21.40,9.11,2422.00,Logam Berharga
" SMBR SEMEN BATURAJA (PERSERO) TBK. ",246.00,0.82%,2.00,Penjualan,9.712M,1966.640B,37.73,5.83,761.00,Material Konstruksi
" SMGR SEMEN INDONESIA (PERSERO) TBK. ",8100.00,-0.31%,-25.00,Penjualan,7.242M,45672.700B,18.60,403.29,11518.00,Material Konstruksi
" SULI SLJ GLOBAL TBK. ",50.00,0.00%,0.00,Penjualan,5.000K,199.346B,—,-32.84,304.00,Produk-Produk Kehutanan
" TINS TIMAH TBK. ",525.00,1.94%,10.00,Pembelian,40.021M,3083.370B,32.76,13.43,4514.00,Logam/Mineral Lainnya
" TIRT TIRTA MAHAKAM RESOURCES TBK ",57.00,0.00%,0.00,Pembelian,18.100K,57.671B,—,-26.88,1127.00,Produk-Produk Kehutanan
" WSBP WASKITA BETON PRECAST TBK. ",171.00,-1.16%,-2.00,Penjualan,191.299M,3113.520B,4.22,32.25,1366.00,Material Konstruksi
" AALI ASTRA AGRO LESTARI TBK. ",6600.00,9.09%,550.00,Penjualan,5.639M,10152.700B,48.55,109.69,35245.00,Komoditas/Penggilingan Agrikultur
" ADMG POLYCHEM INDONESIA TBK ",105.00,-4.55%,-5.00,Pembelian,706.400K,377.250B,—,-110.85,1545.00,Tekstil
" AKPI ARGHA KARYA PRIMA INDUSTRY TBK. ",310.00,-3.12%,-10.00,Penjualan,600,156.735B,2.63,113.20,968.00,Kontener/Kemasan
" AKRA AKR CORPORINDO TBK. ",2150.00,0.00%,0.00,Netral,33.630M,7748.350B,10.77,178.20,1899.00,Bahan Kimia: Khusus
" ALDO ALKINDO NARATAMA TBK. ",438.00,-0.45%,-2.00,Netral,1.100K,481.800B,8.40,52.36,321.00,Pulp & Kertas
" AMFG ASAHIMAS FLAT GLASS TBK. ",2250.00,-1.32%,-30.00,Penjualan,24.300K,1011.220B,—,—,2841.00,Spesialisasi Industri
" ANDI ANDIRA AGRO TBK. ",50.00,0.00%,0.00,Penjualan,17.000K,467.500B,40.96,1.22,197.00,Komoditas/Penggilingan Agrikultur
" ANJT AUSTINDO NUSANTARA JAYA TBK. ",515.00,0.00%,0.00,Penjualan,2.000K,1887.560B,—,-18.25,7089.00,Komoditas/Penggilingan Agrikultur
" APLI ASIAPLAST INDUSTRIES TBK. ",134.00,0.00%,0.00,Penjualan,10.000K,182.598B,—,-5.03,398.00,Spesialisasi Industri
" ARGO ARGO PANTES TBK ",825.00,0.00%,0.00,Penjualan Kuat,300,276.835B,—,-585.87,872.00,Tekstil
" AYLS AGRO YASA LESTARI TBK. ",51.00,0.00%,0.00,Penjualan,3.091M,—,—,—,—,Tekstil
" BEEF ESTIKA TATA TIARA TBK. ",234.00,-2.50%,-6.00,Penjualan,1.730M,403.242B,8.13,27.07,174.00,Komoditas/Penggilingan Agrikultur
" BISI BISI INTERNATIONAL TBK. ",780.00,7.59%,55.00,Pembelian,447.700K,2175.000B,7.05,102.77,702.00,Komoditas/Penggilingan Agrikultur
" BRAM INDO KORDSA TBK. ",3950.00,0.00%,0.00,Penjualan,100,1777.500B,9.31,424.50,1448.00,Tekstil
" BRNA BERLINA TBK. ",1025.00,10.22%,95.00,Penjualan,1.000K,979.110B,—,-126.93,—,Kontener/Kemasan
" BTEK BUMI TEKNOKULTURA UNGGUL TBK ",50.00,0.00%,0.00,Penjualan,1.200K,2313.870B,—,-0.40,379.00,Komoditas/Penggilingan Agrikultur
" BWPT EAGLE HIGH PLANTATIONS TBK. ",84.00,0.00%,0.00,Pembelian,39.325M,2143.720B,—,-30.42,1017.00,Komoditas/Penggilingan Agrikultur
" CLPI COLORPAK INDONESIA TBK. ",645.00,13.16%,75.00,Pembelian,82.800K,150.719B,4.58,117.97,105.00,Spesialisasi Industri
" CNTX CENTURY TEXTILE INDUSTRY TBK. ",244.00,-2.40%,-6.00,Penjualan,2.000K,50.400B,—,-129.36,401.00,Tekstil
" CPIN CHAROEN POKPHAND INDONESIA TBK ",4880.00,0.83%,40.00,Penjualan,16.035M,77890.500B,21.99,222.42,6540.00,Komoditas/Penggilingan Agrikultur
" CPRO CENTRAL PROTEINA PRIMA TBK. ",50.00,0.00%,0.00,Penjualan,1.000K,2978.620B,—,-5.43,2105.00,Komoditas/Penggilingan Agrikultur
" CSRA CISADANE SAWIT RAYA TBK. ",344.00,-6.01%,-22.00,Penjualan,4.224M,—,—,—,—,Komoditas/Penggilingan Agrikultur
" DSFI DHARMA SAMUDERA FISHING INDUSTRIES TBK. ",79.00,-1.25%,-1.00,Penjualan,265.400K,146.714B,14.94,5.29,554.00,Komoditas/Penggilingan Agrikultur
" EKAD EKADHARMA INTERNATIONAL TBK. ",840.00,-1.18%,-10.00,Penjualan,175.900K,559.020B,7.78,106.68,478.00,Pulp & Kertas
" ERTX ERATEX DJAJA TBK. ",134.00,-0.74%,-1.00,Pembelian,10.400K,160.818B,10.73,12.49,8292.00,Tekstil
" FPNI LOTTE CHEMICAL TITAN TBK. ",80.00,-2.44%,-2.00,Pembelian,733.200K,406.348B,6.80,11.17,332.00,Bahan Kimia: Khusus
" GZCO GOZCO PLANTATIONS TBK. ",50.00,0.00%,0.00,Penjualan,100,300.000B,—,-97.09,1205.00,Komoditas/Penggilingan Agrikultur
" HOKI BUYUNG POETRA SEMBADA TBK. ",750.00,0.67%,5.00,Penjualan,22.666M,1622.690B,16.99,40.23,257.00,Komoditas/Penggilingan Agrikultur
" INCI INTANWIJAYA INTERNASIONAL TBK ",372.00,-1.06%,-4.00,Penjualan,26.300K,74.134B,7.19,51.75,139.00,Bahan Kimia: Khusus
" INDR INDO-RAMA SYNTHETICS TBK. ",2160.00,2.86%,60.00,Pembelian,232.400K,1128.760B,3.52,500.46,7502.00,Tekstil
" INKP INDAH KIAT PULP & PAPER TBK. ",5250.00,4.48%,225.00,Pembelian,11.387M,21883.900B,5.93,709.85,12000.00,Pulp & Kertas
" INOV INOCYCLE TECHNOLOGY GROUP TBK. ",302.00,0.67%,2.00,Pembelian,25.500K,542.466B,—,—,91.00,Tekstil
" INRU TOBA PULP LESTARI TBK. ",900.00,4.65%,40.00,Pembelian Kuat,100,1194.440B,—,-74.46,1105.00,Pulp & Kertas
" IPOL INDOPOLY SWAKARSA INDUSTRY TBK. ",61.00,-1.61%,-1.00,Pembelian,256.100K,341.499B,4.65,11.39,1222.00,Kontener/Kemasan
" JAWA JAYA AGRA WATTIE TBK. ",87.00,0.00%,0.00,Netral,200,328.398B,—,-95.02,1950.00,Komoditas/Penggilingan Agrikultur
" KDSI KEDAWUNG SETIA INDUSTRIAL TBK. ",760.00,0.66%,5.00,Penjualan,5.700K,281.475B,4.39,158.25,1557.00,Kontener/Kemasan
" KPAS COTTONINDO ARIESTA TBK. ",50.00,0.00%,0.00,Penjualan,400,38.402B,—,—,—,Komoditas/Penggilingan Agrikultur
" LSIP PP LONDON SUMATRA INDONESIA TBK. ",890.00,7.23%,60.00,Pembelian,33.588M,5353.670B,21.09,37.23,15278.00,Komoditas/Penggilingan Agrikultur
" MAIN MALINDO FEEDMILL TBK. ",510.00,0.99%,5.00,Penjualan,12.668M,944.752B,3.51,131.07,3499.00,Komoditas/Penggilingan Agrikultur
" MDKI EMDEKI UTAMA TBK. ",168.00,1.82%,3.00,Penjualan,26.400K,440.246B,13.33,12.83,295.00,Bahan Kimia: Khusus
" MGRO MAHKOTA GROUP TBK. ",640.00,-0.78%,-5.00,Penjualan,1.469M,2239.300B,34.49,17.97,—,Komoditas/Penggilingan Agrikultur
" MLIA MULIA INDUSTRINDO TBK ",615.00,-0.81%,-5.00,Pembelian,4.847M,759.208B,6.69,95.60,3298.00,Spesialisasi Industri
" MYTX ASIA PACIFIC INVESTAMA TBK. ",52.00,-1.89%,-1.00,Penjualan Kuat,29.200K,488.079B,—,—,4191.00,Tekstil
" PALM PROVIDENT AGRO TBK. ",220.00,-6.78%,-16.00,Pembelian,200,1401.020B,—,-9.99,688.00,Komoditas/Penggilingan Agrikultur
" PBRX PAN BROTHERS TBK. ",228.00,4.59%,10.00,Penjualan,1.461M,1373.400B,4.23,50.16,37283.00,Tekstil
" POLY ASIA PACIFIC FIBERS TBK ",50.00,0.00%,0.00,Penjualan,532.600K,115.655B,—,-67.44,3337.00,Tekstil
" PSDN PRASIDHA ANEKA NIAGA TBK ",123.00,5.13%,6.00,Penjualan,3.200K,178.560B,—,-37.13,1283.00,Komoditas/Penggilingan Agrikultur
" RDTX RODA VIVATEX TBK ",4700.00,0.00%,0.00,Penjualan,1.900K,1263.360B,5.11,920.02,199.00,Tekstil
" SAMF SARASWANTI ANUGERAH MAKMUR TBK. ",404.00,1.00%,4.00,—,1.147M,—,—,—,—,Bahan Kimia: Pertanian
" SGRO SAMPOERNA AGRO TBK. ",2490.00,0.00%,0.00,Pembelian Kuat,48.400K,4528.370B,134.40,18.23,8600.00,Komoditas/Penggilingan Agrikultur
" SIMP SALIM IVOMAS PRATAMA TBK. ",250.00,3.31%,8.00,Pembelian,9.889M,3286.280B,—,-35.23,37264.00,Komoditas/Penggilingan Agrikultur
" SIPD SIERAD PRODUCE TBK. ",840.00,-1.18%,-10.00,Penjualan,200,964.152B,13.83,52.05,1690.00,Komoditas/Penggilingan Agrikultur
" SMAR SMART TBK. ",2700.00,8.00%,200.00,Penjualan,6.200K,6950.700B,6.22,388.78,20953.00,Komoditas/Penggilingan Agrikultur
" SMKL SATYAMITRA KEMAS LESTARI TBK. ",184.00,0.00%,0.00,Penjualan,6.200K,625.600B,—,—,—,Kontener/Kemasan
" SPMA SUPARMA TBK. ",264.00,3.12%,8.00,Penjualan,20.800K,541.330B,4.13,61.95,707.00,Pulp & Kertas
" SRIL SRI REJEKI ISMAN TBK. ",170.00,3.66%,6.00,Pembelian,76.064M,2904.210B,2.42,60.64,18763.00,Tekstil
" SSTM SUNSON TEXTILE MANUFACTURE TBK ",420.00,-6.67%,-30.00,Penjualan Kuat,2.400K,526.909B,—,-10.25,1179.00,Tekstil
" SWAT SRIWAHANA ADITYAKARTA TBK. ",100.00,8.70%,8.00,Pembelian,823.400K,244.555B,81.80,1.05,595.00,Kontener/Kemasan
" TBLA TUNAS BARU LAMPUNG TBK. ",560.00,4.67%,25.00,Pembelian,3.766M,2510.790B,3.48,135.12,3587.00,Komoditas/Penggilingan Agrikultur
" TDPM TRIDOMAIN PERFORMANCE MATERIALS TBK. ",150.00,-6.25%,-10.00,Penjualan Kuat,824.400K,1709.070B,—,—,412.00,Bahan Kimia: Diversifikasi Utama
" TFCO TIFICO FIBER INDONESIA TBK. ",232.00,10.48%,22.00,Penjualan,200,1012.850B,—,-8.03,1084.00,Tekstil
" TKIM PABRIK KERTAS TJIWI KIMIA TBK. ",5300.00,1.44%,75.00,Penjualan,6.524M,12079.300B,6.11,683.89,7000.00,Pulp & Kertas
" TPIA CHANDRA ASRI PETROCHEMICAL TBK. ",7225.00,-1.03%,-75.00,Penjualan,6.332M,93625.900B,311.60,18.37,2273.00,Spesialisasi Industri
" TRST TRIAS SENTOSA TBK. ",360.00,0.00%,0.00,Penjualan,1.100K,982.800B,12.73,27.49,1081.00,Kontener/Kemasan
" UNSP BAKRIE SUMATERA PLANTATIONS TBK. ",51.00,-1.92%,-1.00,Penjualan,513.100K,125.008B,—,-212.29,8512.00,Komoditas/Penggilingan Agrikultur
" AMIN ATELIERS MECANIQUES D INDONESIE TBK. ",342.00,20.42%,58.00,Penjualan,2.500K,306.720B,17.28,16.32,430.00,Mesin-mesin Industri
" APII ARITA PRIMA INDONESIA TBK. ",220.00,0.00%,0.00,Pembelian Kuat,100,236.667B,7.61,28.92,370.00,Mesin-mesin Industri
" ARKA ARKHA JAYANTI PERSADA TBK. ",1490.00,-6.88%,-110.00,Penjualan Kuat,1.600K,2980.000B,—,—,103.00,Fabrikasi Logam
" ARNA ARWANA CITRAMULIA TBK. ",348.00,0.00%,0.00,Penjualan,1.127M,2549.740B,11.83,29.40,2193.00,Produk-Produk Bangunan
" AUTO ASTRA OTOPARTS TBK. ",845.00,0.60%,5.00,Penjualan,3.170M,3711.190B,5.05,153.47,9905.00,Suku Cadang Mobil: OEM
" BNBR BAKRIE & BROTHERS TBK ",50.00,0.00%,0.00,Penjualan,52.600K,1043.150B,0.86,58.40,2733.00,Konglomerat Industri
" BOLT GARUDA METALINDO TBK. ",760.00,0.00%,0.00,Penjualan,100,1781.250B,35.74,21.27,1656.00,Suku Cadang Mobil: OEM
" CCSI COMMUNICATION CABLE SYSTEMS INDONESIA TBK. ",220.00,10.00%,20.00,Pembelian,3.838M,—,—,—,—,Produk-Produk Elektrikal
" CSIS CAHAYASAKTI INVESTINDO SUKSES TBK. ",50.00,-1.96%,-1.00,Penjualan,2.489M,65.350B,—,-19.19,15.00,Perlengkapan/Suplai Perkantoran
" ESIP SINERGI INTI PLASTINDO TBK. ",169.00,-2.31%,-4.00,Pembelian,69.100K,—,—,—,—,Manufaktur Lain-Lain
" GEMA GEMA GRAHASARANA TBK. ",326.00,-6.86%,-24.00,Penjualan,20.000K,560.000B,24.10,14.52,751.00,Perlengkapan/Suplai Perkantoran
" HKMU HK METALS UTAMA TBK. ",117.00,-0.85%,-1.00,Penjualan,6.367M,235.188B,3.22,29.22,—,Fabrikasi Logam
" IKAI INTIKERAMIK ALAMASRI INDUSTRI TBK. ",50.00,0.00%,0.00,Penjualan,400,665.290B,—,-1.41,199.00,Produk-Produk Bangunan
" IMPC IMPACK PRATAMA INDUSTRI TBK. ",1065.00,0.00%,0.00,Pembelian,477.600K,5099.340B,50.67,20.82,1553.00,Manufaktur Lain-Lain
" INDS INDOSPRING TBK. ",1740.00,2.35%,40.00,Pembelian,300,951.562B,25.25,61.40,1766.00,Suku Cadang Mobil: OEM
" JECC JEMBO CABLE COMPANY TBK. ",7000.00,11.11%,700.00,Pembelian Kuat,5.100K,1058.400B,11.40,552.72,978.00,Produk-Produk Elektrikal
" KBLM KABELINDO MURNI TBK. ",236.00,-6.35%,-16.00,Penjualan,153.700K,273.280B,—,—,313.00,Produk-Produk Elektrikal
" KIAS KERAMIKA INDONESIA ASSOSIASI TBK. ",50.00,0.00%,0.00,Penjualan,642.100K,746.455B,—,-20.82,1485.00,Produk-Produk Bangunan
" KMTR KIRANA MEGATARA TBK. ",258.00,29.00%,58.00,Pembelian,25.100K,1823.810B,108.37,1.92,5753.00,Manufaktur Lain-Lain
" KPAL STEADFAST MARINE TBK. ",107.00,-0.93%,-1.00,Penjualan,435.200K,118.660B,9.54,11.13,365.00,Mesin-Mesin Truk/Konstruksi/Pertanian
" KRAH GRAND KARTECH TBK. ",396.00,-6.60%,-28.00,Penjualan,4.300K,505.019B,—,-94.70,884.00,Mesin-mesin Industri
" LMSH LIONMESH PRIMA TBK. ",306.00,-6.13%,-20.00,Penjualan,15.900K,38.400B,—,-133.88,119.00,Fabrikasi Logam
" LPIN MULTI PRIMA SEJAHTERA TBK ",170.00,0.00%,0.00,Penjualan,800,72.250B,2.26,75.13,146.00,Manufaktur Lain-Lain
" PORT NUSANTARA PELABUHAN HANDAL TBK. ",575.00,-0.86%,-5.00,Penjualan,20.200K,1618.020B,46.65,12.43,681.00,Fabrikasi Logam
" PRAS PRIMA ALLOY STEEL UNIVERSAL TBK. ",169.00,5.62%,9.00,Pembelian Kuat,34.000K,112.167B,—,-5.51,488.00,Fabrikasi Logam
" PURE TRINITAN METALS AND MINERALS TBK. ",107.00,-5.31%,-6.00,Pembelian,10.659M,—,—,—,—,Fabrikasi Logam
" SCCO SUPREME CABLE MANUFACTURING & COMMERCE TBK. ",9200.00,0.00%,0.00,Pembelian Kuat,200,1870.810B,5.93,1533.33,844.00,Produk-Produk Elektrikal
" TIRA TIRA AUSTENITE TBK ",274.00,-5.52%,-16.00,Pembelian,3.200K,172.872B,102.43,2.83,471.00,Mesin-mesin Industri
" TOTO SURYA TOTO INDONESIA TBK. ",216.00,1.89%,4.00,Pembelian,87.800K,1960.800B,9.52,19.95,4382.00,Produk-Produk Bangunan
" VOKS VOKSEL ELECTRIC TBK. ",270.00,1.50%,4.00,Penjualan,6.800K,1080.460B,5.40,48.90,—,Produk-Produk Elektrikal
" ACES ACE HARDWARE INDONESIA TBK. ",1325.00,1.53%,20.00,Penjualan,16.577M,22081.200B,21.15,58.17,15707.00,Rantai Perbaikan Rumah
" AMRT SUMBER ALFARIA TRIJAYA TBK. ",810.00,1.89%,15.00,Pembelian,320.400K,31351.000B,29.67,26.79,59214.00,Ritel Makanan
" BOGA BINTANG OTO GLOBAL TBK. ",1550.00,0.00%,0.00,Penjualan,52.000K,5895.470B,433.45,3.58,195.00,Toko-Toko Khusus
" CARS INDUSTRI DAN PERDAGANGAN BINTRACO DHARMA TBK. ",65.00,-5.80%,-4.00,Penjualan,10.155M,750.000B,5.90,10.17,2743.00,Toko-Toko Khusus
" DNET INDORITEL MAKMUR INTERNASIONAL TBK. ",3500.00,0.00%,0.00,Pembelian,100,49644.000B,115.40,30.33,86.00,Ritel Makanan
" ECII ELECTRONIC CITY INDONESIA TBK. ",750.00,-3.85%,-30.00,Penjualan,26.400K,1004.210B,28.85,27.04,—,Toko Elektronik/Perkakas
" GLOB GLOBAL TELESHOP TBK. ",350.00,0.00%,0.00,Penjualan,100,388.889B,—,-31.15,30.00,Toko Elektronik/Perkakas
" HERO HERO SUPERMARKET TBK. ",805.00,0.62%,5.00,Penjualan,900,3472.410B,46.79,16.88,9917.00,Ritel Makanan
" KIOS KIOSON KOMERSIAL INDONESIA TBK. ",180.00,0.00%,0.00,Penjualan,1.600K,131.255B,—,-1.40,75.00,Distribusi Katalog/Khusus
" KONI PERDANA BANGUN PUSAKA TBK ",494.00,-6.79%,-36.00,Penjualan,400,75.088B,28.10,17.58,217.00,Toko Elektronik/Perkakas
" LPPF MATAHARI DEPARTMENT STORE TBK. ",1415.00,10.12%,130.00,Penjualan,34.758M,3522.320B,2.55,503.59,—,Toko Serba Ada
" MAPI MITRA ADIPERKASA TBK. ",605.00,7.08%,40.00,Penjualan,43.749M,7773.620B,9.15,49.64,24219.00,Toko Serba Ada
" MIDI MIDI UTAMA INDONESIA TBK. ",1250.00,4.17%,50.00,Pembelian,499.900K,3458.820B,17.03,70.45,—,Ritel Makanan
" MKNT MITRA KOMUNIKASI NUSANTARA TBK. ",50.00,0.00%,0.00,Penjualan,28.300K,250.000B,—,-20.76,233.00,Toko Elektronik/Perkakas
" MLPL MULTIPOLAR TBK. ",50.00,0.00%,0.00,Penjualan,8.284M,731.980B,—,-21.15,12305.00,Toko Serba Ada
" MPMX MITRA PINASTHIKA MUSTIKA TBK. ",595.00,4.39%,25.00,Pembelian,2.606M,1944.780B,4.44,102.34,2242.00,Toko-Toko Khusus
" MPPA MATAHARI PUTRA PRIMA TBK. ",90.00,3.45%,3.00,Netral,1.354M,632.449B,—,-110.00,9297.00,Toko Serba Ada
" PMJS PUTRA MANDIRI JEMBAR TBK. ",116.00,-0.85%,-1.00,Pembelian,587.800K,1389.320B,—,—,1900.00,Toko-Toko Khusus
" RALS RAMAYANA LESTARI SENTOSA TBK. ",630.00,1.61%,10.00,Penjualan,28.628M,2926.380B,4.57,99.74,7734.00,Toko Serba Ada
" RANC SUPRA BOGA LESTARI TBK. ",294.00,2.80%,8.00,Pembelian,800,422.412B,7.75,34.84,763.00,Ritel Makanan
" TURI TUNAS RIDEAN TBK. ",1300.00,2.36%,30.00,Pembelian,30.000K,7254.000B,12.45,104.43,3566.00,Toko-Toko Khusus
" ZONE MEGA PERINTIS TBK. ",428.00,0.00%,0.00,Penjualan,141.600K,372.433B,—,—,120.00,Ritel Pakaian/Alas Kaki
" ASGR ASTRA GRAPHIA TBK. ",850.00,-0.58%,-5.00,Penjualan,132.200K,1072.280B,4.25,186.09,1424.00,Jasa Prosesi Data
" DIGI ARKADIA DIGITAL MEDIA TBK. ",1700.00,0.29%,5.00,Penjualan,1.200K,549.250B,3927.49,0.43,83.00,Piranti Lunak/Layanan Internet
" DIVA DISTRIBUSI VOUCHER NUSANTARA TBK. ",930.00,-6.53%,-65.00,Penjualan,27.300K,764.286B,7.99,125.13,199.00,Piranti Lunak Kemasan
" ENVY ENVY TECHNOLOGIES INDONESIA TBK. ",100.00,-6.54%,-7.00,Penjualan,9.746M,—,—,—,—,Layanan Teknologi Informasi
" INDX TANAH LAUT TBK ",50.00,0.00%,0.00,Penjualan,200,21.896B,—,-103.76,8.00,Piranti Lunak/Layanan Internet
" LPLI STAR PACIFIC TBK ",76.00,-6.17%,-5.00,Penjualan,27.300K,93.634B,—,-11.21,310.00,Piranti Lunak/Layanan Internet
" LUCK SENTRAL MITRA INFORMATIKA TBK. ",414.00,-2.36%,-10.00,Penjualan,2.059M,—,—,—,—,Layanan Teknologi Informasi
" MCAS M CASH INTEGRASI TBK. ",1000.00,3.63%,35.00,Penjualan,141.800K,867.933B,2.83,359.21,104.00,Layanan Teknologi Informasi
" MLPT MULTIPOLAR TECHNOLOGY TBK. ",386.00,-2.03%,-8.00,Pembelian,7.500K,678.750B,4.64,73.21,566.00,Layanan Teknologi Informasi
" NFCX NFC INDONESIA TBK. ",2300.00,-0.43%,-10.00,Penjualan,13.400K,1513.340B,20.91,108.58,44.00,Piranti Lunak/Layanan Internet
" PGJO TOURINDO GUIDE INDONESIA TBK. ",97.00,3.19%,3.00,Pembelian Kuat,400,—,—,—,—,Piranti Lunak Kemasan
" TFAS TELEFAST INDONESIA TBK. ",172.00,-6.52%,-12.00,Pembelian,444.100K,—,—,—,—,Piranti Lunak Kemasan
" YELO YELOOO INTEGRA DATANET TBK. ",50.00,0.00%,0.00,Penjualan,35.200K,19.002B,—,—,49.00,Piranti Lunak Kemasan
" ASSA ADI SARANA ARMADA TBK. ",318.00,0.00%,0.00,Penjualan,6.646M,937.710B,8.27,36.77,766.00,Transportasi Lainnya
" BESS BATULICIN NUSANTARA MARITIM TBK. ",250.00,-6.72%,-18.00,Pembelian,21.595M,—,—,—,—,Pengiriman Laut
" BIRD BLUE BIRD TBK. ",1000.00,-1.48%,-15.00,Penjualan,3.390M,2289.420B,7.68,125.72,3547.00,Transportasi Lainnya
" BLTA BERLIAN LAJU TANKER TBK ",50.00,0.00%,0.00,Penjualan,100,1257.500B,121.42,—,68.00,Angkutan/Kurir Udara
" BULL BUANA LINTAS LAUTAN TBK. ",162.00,-0.61%,-1.00,Pembelian,83.063M,1772.280B,—,—,178.00,Pengiriman Laut
" CASS CARDIG AERO SERVICES TBK. ",540.00,-5.26%,-30.00,Penjualan,300,1126.950B,75.08,7.19,2279.00,Transportasi Lainnya
" CMNP CITRA MARGA NUSAPHALA PERSADA TBK. ",1595.00,-0.31%,-5.00,Penjualan,3.000K,5793.330B,7.49,213.64,405.00,Transportasi Lainnya
" DEAL DEWATA FREIGHTINTERNATIONAL TBK. ",135.00,10.66%,13.00,Penjualan,17.019M,122.337B,—,—,143.00,Perusahaan Penerbangan
" GIAA GARUDA INDONESIA (PERSERO) TBK. ",218.00,3.81%,8.00,Penjualan,31.701M,4711.360B,44.59,4.10,15623.00,Perusahaan Penerbangan
" HELI JAYA TRISHINDO TBK. ",178.00,-5.82%,-11.00,Pembelian,723.100K,143.325B,9.15,19.12,25.00,Perusahaan Penerbangan
" HITS HUMPUSS INTERMODA TRANSPORTASI TBK. ",600.00,0.00%,0.00,Pembelian,1.500K,4273.490B,27.15,21.55,190.00,Pengiriman Laut
" IATA INDONESIA TRANSPORT & INFRASTRUCTURE TBK. ",50.00,0.00%,0.00,Penjualan,400,534.885B,—,-3.98,135.00,Perusahaan Penerbangan
" INPS INDAH PRAKASA SENTOSA TBK. ",3540.00,-0.28%,-10.00,Penjualan,1.206M,2275.000B,—,-8.15,200.00,Angkutan/Kurir Udara
" IPCC INDONESIA KENDARAAN TERMINAL TBK. ",298.00,0.00%,0.00,Penjualan,15.337M,483.689B,3.77,74.19,74.00,Pengiriman Laut
" IPCM JASA ARMADA INDONESIA TBK. ",140.00,10.24%,13.00,Pembelian,203.200K,639.462B,7.34,17.04,219.00,Transportasi Lainnya
" JAYA ARMADA BERJAYA TRANS TBK. ",55.00,0.00%,0.00,Penjualan,530.000K,19.875B,13.24,3.93,39.00,Truk
" JSMR JASA MARGA ",3200.00,-3.03%,-100.00,Penjualan,17.906M,18144.700B,9.76,266.42,7001.00,Transportasi Lainnya
" KARW ICTSI JASA PRIMA TBK. ",50.00,0.00%,0.00,Penjualan,11.200K,29.358B,—,-4.05,2.00,Angkutan/Kurir Udara
" KJEN KRIDA JARINGAN NUSANTARA TBK. ",1260.00,-0.40%,-5.00,Penjualan,100,—,—,—,—,Angkutan/Kurir Udara
" LRNA EKA SARI LORENA TRANSPORT TBK. ",156.00,24.80%,31.00,Pembelian,600,46.550B,—,-11.59,282.00,Transportasi Lainnya
" MBSS MITRABAHTERA SEGARA SEJATI TBK. ",350.00,-1.13%,-4.00,Netral,1.247M,546.009B,26.16,12.77,217.00,Pengiriman Laut
" NELY PELAYARAN NELLY DWI PUTRI TBK. ",154.00,0.00%,0.00,Pembelian,1.000K,361.900B,7.67,20.09,69.00,Pengiriman Laut
" PURA PUTRA RAJAWALI KENCANA TBK. ",75.00,-1.32%,-1.00,Penjualan,88.431M,—,—,—,—,Angkutan/Kurir Udara
" RIGS RIG TENDERS INDONESIA TBK. ",222.00,-2.63%,-6.00,Penjualan,13.900K,129.136B,—,-190.88,87.00,Pengiriman Laut
" SAFE STEADY SAFE TBK ",199.00,0.00%,0.00,Pembelian,209.400K,116.262B,80.55,2.35,39.00,Transportasi Lainnya
" SAPX SATRIA ANTARAN PRIMA TBK. ",935.00,0.00%,0.00,Pembelian,100,970.833B,—,—,339.00,Angkutan/Kurir Udara
" SDMU SIDOMULYO SELARAS TBK. ",50.00,0.00%,0.00,Penjualan,2.000K,56.761B,—,—,176.00,Truk
" SHIP SILLO MARITIME PERDANA TBK. ",670.00,0.00%,0.00,Penjualan,484.400K,1835.860B,9.65,69.40,52.00,Pengiriman Laut
" SMDR SAMUDERA INDONESIA TBK. ",150.00,-1.96%,-3.00,Penjualan,453.300K,465.067B,—,-89.86,4000.00,Pengiriman Laut
" SOCI SOECHI LINES TBK. ",115.00,-2.54%,-3.00,Pembelian,17.298M,600.015B,2.56,44.48,313.00,Pengiriman Laut
" TAMU PELAYARAN TAMARIN SAMUDRA TBK. ",193.00,-3.50%,-7.00,Pembelian,84.900K,6750.000B,—,-1.67,40.00,Angkutan/Kurir Udara
" TAXI EXPRESS TRANSINDO UTAMA TBK. ",50.00,0.00%,0.00,Penjualan,800,307.280B,—,-64.49,471.00,Transportasi Lainnya
" TCPI TRANSCOAL PACIFIC TBK ",5075.00,1.70%,85.00,Penjualan,9.107M,23600.000B,71.19,67.43,292.00,Pengiriman Laut
" TNCA TRIMUDA NUANSA CITRA TBK. ",214.00,-6.96%,-16.00,Penjualan Kuat,17.900K,97.820B,39.50,5.87,53.00,Angkutan/Kurir Udara
" TPMA TRANS POWER MARINE TBK. ",298.00,0.00%,0.00,Pembelian,1.200K,789.990B,6.79,44.18,91.00,Pengiriman Laut
" TRUK GUNA TIMUR RAYA TBK. ",87.00,2.35%,2.00,Pembelian,870.700K,34.365B,—,-1.47,37.00,Truk
" WEHA WEHA TRANSPORTASI INDONESIA TBK. ",88.00,-1.12%,-1.00,Penjualan,885.600K,73.572B,—,-2.16,—,Transportasi Lainnya
" WINS WINTERMAR OFFSHORE MARINE TBK. ",92.00,19.48%,15.00,Pembelian,48.100K,343.684B,—,-44.32,168.00,Pengiriman Laut
" ABMM ABM INVESTAMA TBK. ",1450.00,5.07%,70.00,Penjualan,1.500K,3703.010B,5.60,247.49,5046.00,Utilitas Elektronik
" BIPI ASTRINDO NUSANTARA INFRASTRUKTUR TBK. ",50.00,0.00%,0.00,Penjualan,40.000K,2234.650B,10.03,4.98,43.00,Utilitas Elektronik
" KEEN KENCANA ENERGI LESTARI TBK. ",370.00,-1.07%,-4.00,Penjualan,98.000K,1283.210B,—,—,46.00,Utilitas Elektronik
" MPOW MEGAPOWER MAKMUR TBK. ",52.00,-1.89%,-1.00,Penjualan,22.200K,43.301B,13.80,3.77,—,Utilitas Elektronik
" POWR CIKARANG LISTRINDO TBK. ",660.00,10.00%,60.00,Penjualan,3.606M,9168.780B,6.75,86.73,760.00,Utilitas Elektronik
